0	Указатель имен эпических и мифологических персонажей
1	Агастья  159, 225, 534, 594, 609, 613–614
2	великий риши=1  251, 253, 255, 288, 307, 386, 391, 394, 414, 546, 595
3	Агни  79, 83, 250, 438, 455, 507–508, 538, 585, 594, 609, 612
4	Анала  598
5	Павака  609
6	Агниварна  461, 594
7	сын Сударшаны  461
8	Аджа  461, 587, 594
9	Адити  8, 134, 394, 498, 519, 569, 594, 599, 604
10	жена Кашьяпы  594, 602
11	Адрикритастхали  385, 594
12	Айравата  551, 594
13	слон Индры  551, 594
14	Акопа  594
15	Акша  595
16	Аламбуша=1  385, 388, 567, 595
17	Аламбуша=2  385, 388, 567, 595
18	Аларка  62, 74, 508, 595
19	Амбариша  461, 595
20	потомок Икшваку  33, 74, 166, 175, 226, 229, 237, 316, 595
21	сын Прашушрувы  461
22	царственный риши=1  21
23	ананга см. Кама
24	Анала см. Агни
25	Анаранья  458–459, 587, 595
26	сын Баны  458
27	Анасуя  481–482, 484–486, 489–491, 591–592
28	дочь Дакши  595, 599, 602, 611
29	жена (супруга) Атри  482, 595
30	Ангада  595, 614
31	сын Валина  595
32	Ангарака  25, 501
33	Лохитанга  199, 529
34	Мангала  529
35	Марс  501, 529
36	Ангирас  161, 595
37	Анджана  595, 615
38	слон Варуны  595
39	Анила (ветер)  598
40	Антака см. Яма
41	Аншуман  460, 499, 539, 595–596
42	внук Сагары  595
43	сын Асаманьджи  460, 595
44	Апа  598
45	Арджуна  547
46	Ариштанеми см. Кашьяпа
47	Арьяман  131, 596
48	Асаманьджа  179–180, 460, 527, 595–596
49	Асита  459, 596, 603
50	Асуртараджаса  596
51	Атри  481–482, 591, 595–596
52	сын Брахмы  591, 601, 607, 609
53	Аурва  542
54	Ахалья  596, 600, 616
55	Ашвапати=1  7, 155, 315, 319, 331, 497, 521, 523, 549, 596, 611
56	отец Кайкейи  497, 499, 596, 605
57	Ашвапати=2  7, 155, 315, 319, 331, 497, 521, 523, 549, 596, 611
58	отец Савитри  521
59	Ашвины  41, 267, 596, 615
60	Ашоканандана  308, 549, 596
61	Бала, или Вала  596
62	Бали  75, 509, 596, 598
63	сын Вирочаны  596
64	Бана  458, 537, 596, 614, 619
65	сын Викукши  458, 603
66	благой см. Шива
67	бестелесный см. Кама
68	Брахма  78, 133, 153, 159, 208, 244, 385, 387, 416, 443, 458, 497, 510–511, 522, 525, 531, 542, 562, 569, 586–587, 591, 596, 598–602, 604–607, 609–612, 616
69	Благой=1  78, 137, 176, 290, 393, 519
70	Вечный=1  432, 497, 611
71	Видхатар  131, 599
72	владыка богов=1  93, 147, 429, 438, 580
73	владыка миров=1  133
74	Возникший из пустого пространства  458, 587
75	Дхатар  131, 394, 569, 599, 602
76	Праджапати=1  11, 169, 439, 458, 515, 525, 569, 586–587, 597, 605, 609, 614
77	Пуруша  27, 502, 610
78	Сваямбху, или Самосущий  7, 152, 458, 497, 522, 586, 612
79	Брахмадатта  596, 612, 615
80	равный великому Индре=1  437
81	Брихадратха  596
82	Брихаспати  10–11, 15, 30, 132, 137, 199, 417, 438, 498, 519–520, 529, 566, 574, 580, 597, 599
83	Вачаспати  8, 17, 498, 599
84	Гуру  503, 514, 529, 585
85	отец Бхарадваджи  566
86	Юпитер  529, 574
87	Будда  456, 585–586
88	Сиддхартха=1  180–181, 308, 597, 612
89	Шакьямуни  597
90	Будха  199, 529, 597
91	Меркурий  529, 597
92	сын Сомы  529, 597
93	Бхава см. Шива
94	Бхага  131, 597
95	Бхагиратха  243, 250, 317, 370, 460, 535, 537–538, 597, 602
96	потомок Сагары  229, 535
97	царственный риши (мудрец)  21
98	Бхарадваджа=1  250–256, 259, 262, 366, 380–384, 387–388, 391–395, 397, 414, 469–470, 538, 564, 566, 568–569
99	великий риши=2  251, 253, 255, 288, 307, 386, 391, 394, 414, 546, 595
100	Сиятельный великий подвижник  392
101	Бхарадваджа=2  250–256, 259, 262, 366, 380–384, 387–388, 391–395, 397, 414, 469–470, 538, 564, 566, 568–569
102	Бхарата=1  7, 9, 16, 26, 37–49, 57, 59–60, 62–64, 67–69, 73, 96, 98–102, 107, 111–112, 119–120, 129, 138–140, 155–156, 171–173, 175, 179, 181, 184, 201, 211, 214–215, 223, 238, 241, 247, 257, 268, 278, 303–304, 308, 310–311, 313–327, 330, 334–336, 340–346, 348–351, 353–368, 371–372, 374, 377–384, 386–389, 391–396, 398–399, 401, 405–414, 416–418, 426–427, 429–434, 438–441, 443–444, 447–452, 455, 459, 462–471, 473–477, 481, 497–498, 500, 502, 504–505, 508–509, 514, 516, 520, 527, 535–536, 539, 541–542, 544, 548, 550–557, 560–562, 564–567, 569–570, 572–575, 578–579, 581–583, 588–590, 592, 596–597, 603, 605–607, 609, 617
103	Бхарата=2  7, 9, 16, 26, 37–49, 57, 59–60, 62–64, 67–69, 73, 96, 98–102, 107, 111–112, 119–120, 129, 138–140, 155–156, 171–173, 175, 179, 181, 184, 201, 211, 214–215, 223, 238, 241, 247, 257, 268, 278, 303–304, 308, 310–311, 313–327, 330, 334–336, 340–346, 348–351, 353–368, 371–372, 374, 377–384, 386–389, 391–396, 398–399, 401, 405–414, 416–418, 426–427, 429–434, 438–441, 443–444, 447–452, 455, 459, 462–471, 473–477, 481, 497–498, 500, 502, 504–505, 508–509, 514, 516, 520, 527, 535–536, 539, 541–542, 544, 548, 550–557, 560–562, 564–567, 569–570, 572–575, 578–579, 581–583, 588–590, 592, 596–597, 603, 605–607, 609, 617
104	брат Рамы=1  193, 273, 340, 359, 489, 597, 603, 607, 616
105	потомок Икшваку  33, 74, 166, 175, 226, 229, 237, 268, 316, 595
106	потомок Какутстхи  28–29, 79, 127–128, 178, 195, 211, 217, 221, 232, 235, 239, 252–253, 259, 364, 378, 412, 426, 431–432, 462, 464, 466, 502, 533, 588
107	Рагхава, или потомок Рагху  15, 17, 21–25, 35, 40–42, 45, 48–49, 59–61, 64, 67, 71–72, 78, 80, 83, 86, 90–91, 97, 99, 101, 104, 106–107, 109–112, 122, 124–125, 128, 131, 134–138, 141–142, 147–149, 154, 156–158, 161, 164, 166, 168–171, 173, 177–178, 181–182, 185, 188, 192, 194–195, 197, 204, 207, 209–210, 215, 217–219, 221–223, 225, 227, 229–230, 232, 236–237, 242, 249, 252–256, 261–263, 267–269, 272, 275, 277, 279, 281, 287–288, 294, 296, 301–302, 311, 317, 319, 325, 328–330, 335, 344, 350, 355, 358, 361, 366–367, 373, 376–377, 380–381, 393, 398, 405–407, 410–411, 413, 415–416, 418–419, 422, 424–425, 430, 432–433, 437, 439, 441, 444–445, 448, 451, 462–464, 467–470, 476, 478, 480–482, 486, 489, 491, 533, 542, 566, 570, 588, 591, 593, 610
108	сын Дашаратхи  94, 183, 196, 217, 222, 231, 233, 236, 243, 251, 317, 341, 364, 369, 375, 381, 396, 399, 415, 438, 445, 448, 456, 473, 579, 606, 610
109	сын Кайкейи  108, 247, 314–315, 325, 362, 364, 367, 383, 386, 406, 416, 421, 426, 502, 514
110	услада Кайкейи  211
111	услада рода Икшваку  360
112	услада царя Дашаратхи  322
113	Бхима см. Шива
114	Бхригу  161, 459, 597, 601, 603, 610–611, 615, 617
115	сын Праджапати=1  597
116	Вайшравана см. Кубера
117	бык среди людей см. Дашаратха
118	Валин  595, 597, 602, 605, 614
119	Вальмики  12, 18, 23, 28, 31, 34, 38, 42, 50, 54, 57, 70, 73, 81, 87, 92, 95, 99, 104, 110, 118, 121, 126, 130, 136, 140, 143, 146, 149, 154, 158, 163, 167, 174, 178, 181, 186, 188, 192, 198, 200, 204, 206, 210, 214, 218, 220, 224, 226, 232, 235, 246, 250, 254, 258, 260, 262, 266, 270, 274, 277, 280, 282, 288, 296, 299, 303, 307, 310, 312, 316, 321, 327, 330, 334, 341, 343, 346, 349, 351, 354, 356, 360, 363, 365, 368, 371, 374, 377, 380, 383, 391, 396, 399, 402, 404, 407, 411, 413, 418, 426, 429–430, 435, 439, 444, 448, 450, 452, 457, 461, 465, 468, 471, 474, 477, 480, 483, 489, 492, 524, 540, 597–598, 606, 614
120	великий риши=3  251, 253, 255, 288, 307, 386, 391, 394, 414, 546, 595
121	Вамадева  18, 303, 469, 501, 575, 589, 598
122	советник (наставник) царя Дашаратхи  589, 598, 601, 604, 607–608
123	Вамана=1  388, 596, 598
124	Вамана=2  388, 596, 598
125	Вамана=3  388, 596, 598
126	Варуна  7, 79, 83, 89, 132, 157, 307, 487, 497, 523, 567, 594–595, 597–598
127	Варуни, или Сура  598, 613
128	дочь Варуны  613
129	Васава см. Индра
130	Васиштха  18–19, 28–31, 76–79, 158, 184–185, 304, 307–309, 314, 326, 341–342, 346, 355, 380–382, 396, 413, 436, 438, 447, 458, 462, 469–470, 475, 500, 502–503, 519, 523, 531, 552, 557, 562, 566, 569–570, 575, 580, 586, 598, 603, 609, 614–615
131	великий риши=4  251, 253, 255, 288, 307, 386, 391, 394, 414, 546, 595
132	гуру рода Икшваку  157, 523
133	Дхрити  570
134	жрец Рамы  580
135	Васу  598–599
136	Васудева см. Кришна
137	Васуки  598
138	Вачаспати см. Брихаспати
139	Ваю  455, 584–585, 599, 607, 615, 619
140	бог ветра  599
141	Марута  317, 607
142	вечный см. Вишну
143	верный своей цели см. Рама
144	великий подвижник см. Вишвамитра
145	Вибудха  599
146	Вибхандака  599, 604, 611
147	сын Кашьяпы=1  599–600
148	Вибхишана  599–600
149	брат Раваны=1  478, 599, 605–606
150	Вивасват см. Сураштра
151	Виджая  308, 599
152	Видхатар см. Брахма
153	Викукши  458, 599, 603
154	Вината  134, 317, 519, 553, 599
155	Вирадха  599
156	Вирата  607
157	Вирочана  596, 599, 607
158	Вишакха  199, 529
159	Вишала  599, 602–603, 606, 612–613
160	сын Икшваку=1  458, 605, 609
161	Вишвавасу  384, 599
162	Вишвадевы  261
163	Вишвакарман  384, 386, 566, 599, 608–609
164	Вишвамитра  131, 488, 514, 524, 531, 587, 600, 602, 604–606, 608, 611–612, 614–615
165	великий подвижник  381, 383, 392
166	великий риши  251, 253, 255, 288, 307, 386, 391, 394, 414, 546, 595
167	Каушика, или сын Кушики  159, 524, 604, 612
168	потомок Куши  600
169	сын Гадхи  600
170	царственный риши=2  21
171	Вишвачи  385, 600
172	Вишну  4, 7, 17, 31, 105, 134, 229, 261, 486, 497, 500, 502, 509, 513, 519, 522, 528, 531, 535, 550, 569, 573, 581, 587, 596, 598, 600–601, 603–606, 608–611, 615–616, 619, 621
173	Вечный=2  432, 497, 611
174	владыка богов=2  93, 147, 429, 438, 580
175	владыка миров=2  133
176	Джанардана, или Пуруша Джанардана  27, 502, 601
177	Кешава  605
178	Мадхусудана  32, 606
179	Нараяна  31, 609
180	Праджапати=2  11, 169, 439, 458, 515, 525, 569, 586–587, 597, 605, 609, 614
181	Пурушоттама  610
182	сын Адити  498
183	Упендра, или младший брат Индры  509, 569
184	Хари  615
185	Хришикеша  615
186	Вишравас  600, 605, 610
187	враг данавов см. Индра
188	внук Сагары см. Аншуман
189	внук Кашьяпы см. Ришьяшринга
190	владыка людей см. Сагара
191	владыка людей см. Дашаратха
192	владыка богов см. Индра
193	владыка богатств см. Кубера
194	Вритра  134, 505, 600, 603, 616
195	всегда побеждающий недругов см. Шатругхна
196	Гадхи, или Гадхин  600
197	Ганга  77, 81, 227–229, 235–236, 242–244, 250–251, 255, 262–263, 309, 316–317, 354, 362–364, 366, 377–379, 395, 471, 510, 535, 537–538, 541, 549–550, 552, 561, 566, 568, 571, 591, 596–597, 599–600, 602–608, 610, 612, 614–616
198	Бхагиратхи  243, 250, 317, 370, 460, 537–538, 597, 602
199	Джахнави, или дочь Джахну  481, 591, 602
200	дочь Царя гор  600, 614
201	Малини  309, 549, 607
202	старшая дочь Химавата  614
203	супруга Океана  229
204	Трипатхага, или Текущая (идущая) тремя путями  227, 244, 614
205	Гандхамадана  253, 538, 600
206	Гарги  614
207	Гаргья Триджата  161
208	Гаруда  220, 519, 530, 581, 599–600, 602, 611, 613–614
209	Супарна  134, 203, 519, 530, 613
210	Таркшья=1  440, 581, 614
211	царь птиц  599
212	Гаутама  303, 596, 600, 616
213	супруг Ахальи  600
214	Гая  449, 583–584, 600, 606
215	Гомер  621
216	Гопа  387, 601
217	губитель Паки см. Индра
218	губитель Балы см. Индра
219	Гуха  230–233, 235–236, 242–243, 262, 270, 362, 364–369, 371–372, 374, 377–379, 411, 413, 417, 535, 541, 563, 565, 601
220	Гхритачи  385, 601
221	Дакша  587, 592, 594–595, 599, 601–602, 611, 613
222	Данда  513
223	Дандхумара  459
224	сын Тришанку  459
225	Дашагрива см. Равана
226	Дашаратха  4, 7–8, 10–12, 14, 18–22, 24, 26–28, 33, 35–37, 44, 51, 54, 61, 63–64, 66, 70–72, 75, 78–80, 82–84, 94–95, 99, 101, 104, 117, 126, 128, 138–139, 163–164, 168–170, 174, 177, 179–180, 182–183, 186, 188, 192–193, 196, 198–199, 203–204, 210, 217, 222–223, 225, 231, 233–234, 236–238, 243, 247, 251, 256, 264–267, 272–273, 282–283, 289, 296, 298, 301, 313, 317, 322–323, 327, 341, 343, 345, 350, 355–357, 364, 369, 372, 374–376, 381, 394–396, 399, 410, 415, 419, 428, 430, 436–438, 444–445, 448, 451, 456, 461, 463, 466, 470, 473, 488–489, 497–500, 502–505, 508–510, 512–514, 516–517, 523, 526, 528–531, 539, 541–543, 545, 547–548, 551, 554, 556, 559, 565–566, 570, 572–573, 575, 579, 581, 583–584, 589, 594, 596, 598–599, 601–604, 606–608, 610–615
227	владыка Косалы=1  225, 402, 534
228	потомок великого рода=1  16
229	потомок Икшваку  15, 33, 74, 166, 175, 226, 229, 237, 304, 316, 595
230	потомок Какутстхи  28–29, 79, 127–128, 178, 195, 211, 217, 221, 232, 235, 239, 252–253, 259, 364, 378, 412, 426, 431–432, 462, 464, 466, 502, 533, 588
231	равный великому Индре=2  437
232	Рагхава, или потомок Рагху  15, 17, 21–25, 35, 40–42, 45, 48–49, 55–56, 59–61, 64, 67, 71–72, 78, 80, 83, 86, 90–91, 97, 99, 101, 104, 106–107, 109–112, 122, 124–125, 128, 131, 134–138, 141–142, 147–149, 154, 156–158, 161, 164, 166, 168–171, 173, 177–178, 181–182, 185, 188, 192, 194–195, 197, 204, 207, 209–210, 215, 217–219, 221–223, 225, 227, 229–230, 232, 236–237, 242, 249, 252–256, 261–263, 267–269, 272, 275, 277, 279, 281, 287–288, 294, 296, 301–302, 311, 317, 319, 325, 328–330, 335, 344, 350, 355, 358, 361, 366–367, 373, 376–377, 380–381, 393, 398, 405–407, 410–411, 413, 415–416, 418–419, 422, 424–425, 430, 432–433, 437, 439, 441, 444–445, 448, 451, 462–464, 467–470, 476, 478, 480–482, 486, 489, 491, 533, 542, 566, 570, 588, 591, 593, 610
233	царственный риши=3  21
234	Двивида  601, 606
235	Девамидха  601
236	Деварата  601
237	предок Джанаки  596, 599, 601, 605, 607–609, 613, 615
238	царственный риши=4  21
239	десятишеий см. Равана
240	десятиголовый см. Равана
241	держатель ваджры см. Индра
242	Джабали  303, 451, 453, 455, 458, 469, 584–586, 589, 601
243	Джамадагни  515, 601, 611
244	отец Рамы  601, 611
245	потомок Бхригу=1  459, 601, 611
246	Джамбават  601
247	сын Брахмы  591, 601, 607, 609
248	Джамбха  601
249	Джанака=1  12, 138, 149, 152, 157, 182–183, 187, 193, 202, 257–258, 269, 300–301, 412, 432, 438, 486, 499, 521, 523, 592, 596, 599–603, 605–609, 612–616
250	великий духом  11, 13, 20, 44, 55, 60, 75, 97, 112, 123, 133, 146, 163, 166, 189, 198, 200, 202, 207, 210, 219, 222, 227, 234, 237, 245, 263, 268, 289, 311, 314, 321–322, 325–326, 328, 330, 334–335, 340, 353, 355, 358, 363, 367–371, 373–374, 379–380, 392, 396, 413, 416, 426, 429, 431–432, 436–437, 440, 444, 457, 460, 463, 467, 470, 475, 478, 481, 487, 519, 533
251	отец Ситы  499, 596, 599, 601, 603, 605, 607–609, 613, 615
252	царь (владыка, государь) Видехи (Митхилы)  149, 300, 375, 486–487, 596, 599, 601–602, 605, 607–609
253	Джанака=2  12, 138, 149, 152, 157, 182–183, 187, 193, 202, 257–258, 269, 300–301, 412, 432, 438, 486, 499, 521, 523, 592, 596, 599–603, 605–609, 612–616
254	Джанамеджая  292, 547, 601
255	сын Парикшита  547
256	Джанардана см. Вишну
257	Джатаюс  602, 611
258	Джахнави или дочь Джахну см. Ганга
259	Джахну  602
260	Джая  602
261	Джаянта  308, 602
262	Дилипа  292, 357, 460, 562, 597, 602
263	сын Аншумана  460, 602
264	Диргхаюс см. Маркандея
265	Дити  519, 602, 604, 607
266	дочери Кушанабхи, или сто дочерей Кушанабхи  596
267	дочь Джанаки см. Сита
268	Драупади  500, 604
269	Дридханетра  602
270	Дрона  597
271	Друпада  604, 609
272	Дундубхи  602
273	Душана  602
274	Дханвантари  602
275	Дхарма  601–602
276	Дхармапала  602
277	Дхатар см. Брахма
278	Дхармараджа см. Яма
279	Дхриштакету  602
280	царственный риши=5  21
281	Дхришти  602
282	Дхрува  598
283	Дхрувасандхи  459, 602
284	Дхумрашва  602, 612
285	сын Сучандры  602
286	Дхундхумара  292, 603
287	сын Тришанку  459
288	Дьюматсена  149, 521, 603, 612
289	отец Сатьявана  521, 603
290	Икшваку  13, 15, 27, 33, 59, 67, 74, 157, 166, 175, 178, 200, 225–226, 229, 237, 268, 273, 304, 307, 316, 319, 329, 345, 355, 358, 360, 419, 458, 461, 513, 523, 529, 534, 550, 553–555, 575, 595, 599, 603, 605, 609
291	внук Вивасвата  603
292	Индра  8, 12–13, 22, 31, 34, 56, 75, 78–79, 83–84, 86, 90, 94, 99, 134, 177, 188, 190, 194, 200, 222, 241, 267, 278, 306–307, 310, 316, 320, 332–333, 346, 354, 374, 415, 437–439, 449–450, 455, 474, 497–501, 503, 505, 507–511, 516–517, 519, 524, 527–528, 544, 546, 551, 553, 555, 558, 562, 565, 567, 571, 579–580, 585, 594–596, 598–601, 603, 606–611, 614, 616
293	Васава  21, 89, 131, 283, 447, 501, 511, 528, 598
294	враг данавов  430, 579
295	Губитель Балы, или Баласудана  596
296	Губитель Паки  609
297	Держатель ваджры  68, 89, 125, 290, 332, 508, 511
298	Магхаван  427, 579, 606
299	Махендра, или Великий Индра  7, 175, 497, 608
300	Пакашасана, или Губитель Паки  609
301	Парджанья  11, 155, 304, 523, 609
302	Пурандара, или Сокрушитель крепостей, или Покоритель городов, или Разрушитель городов  13, 76, 399, 500, 510, 610
303	супруг Шачи  10, 15, 85, 334, 499, 510, 555
304	сын Кашьяпы=2  599–600
305	сын Кашьяпы=3  599–600
306	Тысячеглазый  12, 134
307	царь (владыка, бык) тридцатки богов  93, 147, 159, 429, 438, 524, 580
308	Шакра  11, 15, 30, 44, 84, 147, 181, 293, 307, 332–333, 344, 384–385, 408, 451, 487, 527, 558, 567, 616
309	Шатакрату, или Вершитель ста жертвоприношений  356, 562, 585, 616
310	Индраджит см. Мегханада
311	Кабандха  603
312	Кавья  603, 610, 617
313	Венера  547, 574, 617
314	сын Бхригу  603, 615, 617
315	Ушанас  603
316	Шукра  133, 295, 417, 513, 547, 574, 603, 610, 617
317	Кайкейи  4, 34, 36–38, 40–41, 43–44, 46, 48–49, 51–52, 54–55, 57–58, 61–64, 66, 70–76, 80, 88, 95–102, 108, 111–112, 115, 119–120, 122–123, 127, 138, 155, 165–166, 169–172, 174, 178–186, 189, 198, 201–202, 204–206, 211, 222–223, 225, 237–239, 241, 246–248, 265, 268–269, 272–273, 275, 296, 300–303, 313–315, 321–323, 325–326, 330, 335–336, 341, 345, 348–349, 355, 361–362, 364, 367, 383, 386, 393–394, 406–407, 409, 416, 419, 421, 426, 435, 446, 448, 455, 464–466, 468, 497, 499, 502–507, 512–517, 520, 523, 525–527, 530, 535–537, 542–545, 551, 553–554, 563, 582–583, 596–597, 603, 605, 607, 617
318	дочь царя Ашвапати  155, 523
319	жена Дашаратхи  104, 395, 437, 513, 603
320	криводушная  204, 530
321	мать Бхараты  48, 68, 303, 349, 372, 497, 596
322	Кайтабха  522
323	как золото» см. Рама
324	Какутстха=1  28–29, 79, 127–128, 178, 195, 211, 217, 221, 226, 232, 235, 239, 252–253, 259, 364, 378, 411–412, 426, 431–432, 460, 462, 464–466, 502, 533, 588, 603, 613
325	сын Викукши  458, 603
326	Какутстха=2  28–29, 79, 127–128, 178, 195, 211, 217, 221, 226, 232, 235, 239, 252–253, 259, 364, 378, 411–412, 426, 431–432, 460, 462, 464–466, 502, 533, 588, 603, 613
327	Кала см. Яма
328	Калапа  160, 524, 603
329	Калинди  255–257, 459–460, 539, 603
330	Калмашапада  460, 587, 603, 609
331	Саудаса  460, 587
332	Кама  507, 595, 604, 606–607
333	Ананга, или Бестелесный  595
334	Кандарпа  604
335	Мадана  606
336	Манматха  54, 507, 607
337	Кандарпа см. Кама
338	Канду  113, 515, 604
339	сын риши Канвы  515
340	Капила  604
341	Карттикея см. Сканда
342	Картикея см. Сканда
343	Катха  160, 524, 604
344	Катьяяна  303, 604
345	Каусалья, или Каушалья  8, 23, 26–27, 37, 39–40, 59, 62, 64, 66–67, 88, 91, 104–106, 110, 112–113, 115–116, 118, 126, 128–131, 133–136, 139, 155–156, 159–160, 168, 187, 191, 193, 197–198, 201, 203–204, 207, 210, 233–234, 238, 247–248, 257, 264–266, 268, 272–274, 277, 280–283, 294–296, 298–300, 313, 322, 325, 328, 331, 333, 335–336, 340, 343–344, 348, 361, 370, 372, 379, 381, 393–395, 419, 436–438, 484, 501–503, 509, 513–515, 517–519, 523–524, 529–531, 537, 542–545, 548, 551, 554–557, 563, 580, 592, 604
346	дочь царя Косалы  299, 548
347	жена (супруга) Дашаратхи  104, 395, 437, 513, 603–604
348	мать Рагхавы  42
349	мать Рамы  35, 62, 110, 134, 195–196, 203, 210, 233, 274, 280, 296, 313, 370, 508, 604, 611
350	свекровь царевны Митхилы  190
351	царица-мать  344, 448
352	Каушика см. Вишвамитра
353	Кашьяпа=1  17, 22, 113, 303, 458, 515, 594, 596, 599–602, 604, 607, 609, 611
354	Ариштанеми  596
355	сын Маричи  17, 458, 604
356	Кашьяпа=2  17, 22, 113, 303, 458, 515, 594, 596, 599–602, 604, 607, 609, 611
357	Кету  502
358	Кешава см. Вишну
359	Кешини  605, 611
360	Киртирата  605
361	царственный риши=6  21
362	Киртиратха  605
363	Корова, исполняющая желания
364	божественная корова  615
365	Нандини  615
366	Сурабхи  332–333, 555, 601, 615
367	Шабала  615
368	криводушная см. Кайкейи
369	Кришашва  605
370	Кришна  153, 598, 601, 604–606
371	Васудева  598
372	сын Васудевы  598
373	Кубера  84, 133, 160, 177, 387, 412, 511, 519, 552, 567–568, 571, 573, 597–598, 600, 603, 605, 610, 615
374	Вайшравана  79, 83, 88, 92, 307, 597
375	владыка богатств  89, 511
376	Кукши  458, 605
377	сын Икшваку=2  458, 605, 609
378	Кумбхакарна  600, 605
379	брат Раваны=2  478, 599, 605–606
380	Куша=1  596, 598, 600, 602, 604–606
381	сын Брахмы  591, 601, 607, 609
382	сын Праджапати=2  597
383	Куша=2  596, 598, 600, 602, 604–606
384	Кушадхваджа  606–607, 612, 616
385	Кушамба  604, 606
386	Кушанабха  596, 601, 606
387	сын Куши  602, 606
388	царственный риши=7  21
389	Кушашва  606, 612
390	сын Сахадевы  606
391	Кхара  478–479, 602, 606
392	младший брат Раваны  478, 606
393	Лава  606
394	Лакшмана  4, 14, 26–28, 39, 41, 69, 89–90, 102, 107, 110, 112, 114–116, 119, 121–122, 126, 154–161, 164–165, 168–169, 171, 182–183, 193–195, 197, 203, 205–209, 211–212, 215–217, 221, 223, 229, 231–233, 235, 238, 242–243, 245–249, 251, 253, 256–261, 267, 269–270, 273–275, 283, 302, 304, 312–314, 325–326, 328, 340, 342, 346–347, 350, 358, 361, 364, 368–369, 372–373, 376–377, 381–382, 394, 398, 400, 402, 404–406, 408–410, 412, 414–416, 426, 430, 432–433, 436–439, 448–450, 478, 481, 488–489, 491–492, 500, 504, 508, 513–514, 516–517, 525, 528, 530, 536–537, 539–540, 548, 551, 569–570, 572–574, 588, 601, 603, 606, 613–615
395	брат Рамы=2  193, 273, 340, 359, 489, 597, 603, 607, 616
396	младший брат Бхараты  257, 539
397	младший брат Рамы  273, 489, 597, 616
398	потомок Рагху  21, 49, 83, 86, 99, 106, 131, 135, 138, 147–148, 154, 156, 170–171, 178, 217, 232, 249, 252, 262, 311, 411, 416, 468, 481, 491, 610
399	преданный брат Рамы  193
400	сын Сумитры=1  16, 28, 41, 103, 116, 118–120, 154–158, 160, 214–215, 230, 235, 244–246, 248, 250–251, 258, 261, 334, 405–406, 409–410, 412, 450, 500, 532, 536
401	услада матери Сумитры  102
402	Мадана см. Кама
403	Магхаван см. Индра
404	любимый людьми см. Рама
405	любимец царя см. Рама
406	Лакшми см. Шри
407	Мадху=1  522, 606
408	Мадху=2  522, 606
409	Мадхусудана см. Вишну
410	Мадхушпанда (Мадхучханда, Мадхучхандаса, Махишьянда, Махишпанда, Мадхушпанда)  606
411	Майнда  601, 606
412	Малини см. Ганга
413	Мандави  607
414	Мандхатар  459, 607
415	Манматха см. Кама
416	Мантхара=1  34–38, 40, 43, 46–50, 300, 345, 347–349, 435, 503–505, 559, 607
417	Мантхара=2  34–38, 40, 43, 46–50, 300, 345, 347–349, 435, 503–505, 559, 607
418	Ману  225, 318, 458, 498, 515, 534, 553, 556, 576, 578–579, 583–584, 586, 597, 599, 603, 607, 620
419	отец Икшваку  553
420	сын Вивасвата, или Вайвасвата  292, 295, 458, 546, 607
421	хранитель мира  17, 245, 292, 546, 600, 608
422	Марича  17, 458, 604, 607, 613–614
423	сын Тараки  607
424	Маричи  17, 458, 604, 607, 613–614
425	сын Брахмы  591, 601, 607, 609
426	Маркандея  303, 602, 607
427	Диргхаюс  549, 602
428	Мару=1  461, 607
429	Мару=2  461, 607
430	Марута см. Ваю
431	Матали  78, 194, 510, 528, 607
432	возничий Индры  528
433	советник Индры  510
434	Маудгалья  303, 549, 608
435	Махавира  608
436	Махадева см. Шива
437	Махападма  608
438	Махаратха  608
439	Махароман  608
440	Махешвара см. Шива
441	Махидхрака  608
442	Маходая  608
443	Мегханада  603, 608
444	Индраджит  600, 603, 608
445	победитель Индры  603, 608
446	сын Раваны  595, 600, 603, 608
447	Мена  608
448	Менака  608
449	Митра  379, 565–566
450	Митхи  608
451	Мишракеши  385, 388, 608
452	Мохини  608
453	Набхага  461, 587, 608
454	сын Нахуши=1  461, 502, 587, 617
455	сын Яяти  587
456	Нагадатта  385, 608
457	Нала  608
458	Налини, подруга Анасуи  402, 571, 591, 608
459	Нандивардхана  609
460	Нандини см. корова, исполняющая желания
461	Нарада  132, 387, 609
462	великий риши  251, 253, 255, 288, 307, 386, 391, 394, 414, 546, 595
463	сын Брахмы  591, 601, 607, 609
464	Нараяна см. Вишну
465	Нахуша  29, 292, 357, 461, 502, 562, 587, 609, 617
466	сын Амбариши  461
467	Никула  309, 550
468	Нила  609
469	Ними  601, 608–609
470	Павака см. Агни
471	Пака  609
472	податель даров см. Рама
473	податель даров см. Кубера
474	Пашупати см. Шива
475	Парджанья см. Индра
476	Парвати см. Ума
477	Парашурама см. Рама Джамадагнья
478	Прабхаса  598
479	Правриддха  587, 603, 609
480	сын Рагху  460, 587
481	Праджапати см. Брахма
482	Прасенаджит  459, 609
483	Пратиндхака  609
484	Пратьюша  598
485	Прахлада  596, 599
486	Прашушрува, или Прашушрука  461, 587, 610
487	Притхиви  610
488	Земля  15, 17, 56, 125, 208, 376, 386, 396, 408, 434, 463
489	Притху  459, 610
490	Пуластья  600, 610
491	Пулома  610
492	мать Кавьи  610
493	Пунарвасу  25
494	Пундарика  388, 610
495	Пурандара см. Индра
496	Пуру  617
497	Пурушоттама см. Вишну
498	Пуруша см. Брахма
499	Пушан  131, 610
500	Равана  4, 7, 478, 497, 588, 595, 599–603, 605–608, 610, 614–615
501	Дашагрива, или десятишеий  465, 588, 601
502	сын Вишраваса  605, 610
503	Рагхава  15, 17, 22–25, 35, 40–42, 45, 48–49, 59–61, 64, 67, 71–72, 78, 80, 83, 86, 90–91, 97, 101, 104, 106–107, 109–112, 122, 124–125, 128, 134, 136–137, 141–142, 147–149, 156–158, 161, 164, 166, 168–169, 171, 173, 177, 181–182, 185, 188, 192, 194–195, 197, 204, 207, 209–210, 215, 218–219, 221–223, 225, 227, 229–230, 236–237, 242, 249, 253–256, 261, 263, 267–269, 272, 275, 277, 279, 281, 287–288, 294, 296, 301–302, 317, 319, 325, 328–330, 335, 344, 350, 355, 358, 361, 366–367, 373, 376–377, 380–381, 393, 398, 405–407, 410, 413, 415, 418–419, 422, 424–425, 430, 432–433, 437, 439, 441, 444–445, 448, 451, 462–464, 467–470, 476, 478, 480–482, 486, 489, 491, 533, 542, 566, 570, 588, 591, 593, 610
504	Рагхавы  24, 35, 40, 42, 59, 67, 78, 86, 101, 111, 156, 166, 181, 192, 195, 197, 207, 219, 221–222, 236, 269, 301–302, 373, 398, 448, 460, 467, 476, 482, 533, 570
505	Рагху  14, 21, 49, 55–56, 76, 83, 86, 99, 106, 126, 131, 135, 138, 147–148, 154, 156, 170–171, 178, 217–218, 232, 245, 249, 252, 258, 262, 291, 300, 308, 310–311, 368, 382, 404, 411, 416, 460, 468–469, 481, 488, 491, 587, 589, 610
506	сын Какутстхи=1  460, 613
507	Рама=2  4, 7–8, 10–11, 13–49, 51, 55, 57–69, 71–76, 78–108, 110, 112–113, 115–116, 118, 122, 125–131, 133–136, 140–141, 143, 146–151, 154–155, 157–170, 175, 177–185, 187–189, 191–197, 199–200, 202–205, 207–227, 229–237, 239, 241–246, 249–258, 260–267, 269–280, 282–283, 294–296, 300–302, 304, 308, 312–314, 324–331, 333–337, 339–340, 342, 345, 347, 349–351, 357–364, 366–370, 372–378, 381–382, 387, 389, 394–395, 398–399, 402, 404–418, 426–427, 429, 431–441, 444, 447, 451, 453, 457–458, 461–470, 473–484, 488–492, 497–500, 502–505, 507–509, 511–520, 522–545, 547–548, 551, 554, 558–566, 569–570, 572–575, 578–582, 584, 586–591, 594–617, 620–621
508	брат Лакшманы  14, 223, 243, 251, 273, 346–347
509	верный своей цели  260, 540
510	владыка Косалы=2  225, 402, 534
511	Владыка мира  74, 78, 415
512	любимец царя  127
513	любимый людьми, или локарама  10, 17, 127, 199, 505, 542
514	наследник рода Рагху  126
515	потомок великого рода=2  16
516	потомок Икшваку  33, 74, 166, 175, 226, 229, 237, 316, 595
517	потомок Какутстхи  28–29, 79, 127–128, 178, 195, 211, 217, 221, 232, 235, 239, 252–253, 259, 364, 378, 412, 426, 431–432, 462, 464, 466, 502, 533, 588
518	потомок славного рода  374
519	потомок царственного рода  9
520	Рагхава, или потомок Рагху  15, 17, 21–25, 35, 40–42, 45, 48–49, 59–61, 64, 67, 71–72, 78, 80, 83, 86, 90–91, 97, 99, 101, 104, 106–107, 109–112, 122, 124–125, 128, 131, 134–138, 141–142, 147–149, 154, 156–158, 161, 164, 166, 168–171, 173, 177–178, 181–182, 185, 188, 192, 194–195, 197, 204, 207, 209–210, 215, 217–219, 221–223, 225, 227, 229–230, 232, 236–237, 242, 249, 252–256, 261–263, 267–269, 272, 275, 277, 279, 281, 287–288, 294, 296, 301–302, 311, 317, 319, 325, 328–330, 335, 344, 350, 355, 358, 361, 366–367, 373, 376–377, 380–381, 393, 398, 405–407, 410–411, 413, 415–416, 418–419, 422, 424–425, 430, 432–433, 437, 439, 441, 444–445, 448, 451, 462–464, 467–470, 476, 478, 480–482, 486, 489, 491, 533, 542, 566, 570, 588, 591, 593, 610
521	старший брат Бхараты  9, 16, 438, 498
522	старший брат Лакшманы  14, 223, 251, 448
523	сын Дашаратхи  94, 183, 196, 217, 222, 231, 233, 236, 243, 317, 341, 364, 369, 375, 381, 396, 399, 415, 438, 445, 456, 473, 579, 606, 610
524	сын Каусальи  88, 556
525	услада матери Каусальи  325, 381
526	услада рода Рагху  368
527	Хираньянабха, или “чей пупок сияет как золото”  335, 556
528	Рама Джамадагнья  113, 515, 601, 610–611
529	Джамадагнья  113, 515, 601, 610–611
530	Парашурама, или Рама с топором  601, 610–611
531	потомок Бхригу=2  459, 601, 611
532	Рама=1  4, 7–8, 10–11, 13–49, 51, 55, 57–69, 71–76, 78–108, 110, 112–113, 115–116, 118, 122, 125–131, 133–136, 140–141, 143, 146–151, 154–155, 157–170, 175, 177–185, 187–189, 191–197, 199–200, 202–205, 207–227, 229–237, 239, 241–246, 249–258, 260–267, 269–280, 282–283, 294–296, 300–302, 304, 308, 312–314, 324–331, 333–337, 339–340, 342, 345, 347, 349–351, 357–364, 366–370, 372–378, 381–382, 387, 389, 394–395, 398–399, 402, 404–418, 426–427, 429, 431–441, 444, 447, 451, 453, 457–458, 461–470, 473–484, 488–492, 497–500, 502–505, 507–509, 511–520, 522–545, 547–548, 551, 554, 558–566, 569–570, 572–575, 578–582, 584, 586–591, 594–617, 620–621
533	сын Джамадагни  601
534	Рамбха  611
535	Раху  25, 51, 167, 472, 501–502, 506, 525, 545, 611
536	Раштравардхана  611
537	Ренука  114, 515, 611
538	Ричика  611–612
539	потомок Бхригу=3  459, 601, 611
540	Ришьяшринга  567, 599, 604, 611, 616, 620
541	внук Кашьяпы  611
542	сын Вибхандаки  611
543	Ромапада, или Ломапада  611, 616
544	Рохини  91, 472, 485, 511, 529, 592, 597, 611
545	жена Чандры (Месяца)  91, 472, 511
546	Рудра см. Шива
547	Савитри  149, 484, 521–522, 603, 612
548	Сагара  113, 179–180, 229, 292, 460, 499, 515, 535, 587, 595–596, 603, 605, 611, 613
549	потомок Какутстхи  28–29, 79, 127–128, 178, 195, 211, 217, 221, 232, 235, 239, 252–253, 259, 364, 378, 412, 426, 431–432, 462, 464, 466, 502, 533, 588
550	саморожденный см. Брахма
551	Сампати  611
552	Самудра  113, 515, 611
553	владыка рек  74, 113, 244, 515
554	Океан  62, 244, 467
555	Санаткумара  611
556	Сатьяван  149, 521–522, 603, 612
557	сын Дьюматсены  149
558	Сатьявати  604, 611–612
559	Каушики  604, 612
560	сестра Вишвамитры  604, 612
561	Сахадева  606, 612
562	Сварнароман  612
563	сведущий в советах см. Сумантра
564	Сиддхартха=2  180–181, 308, 597, 612
565	Синхика  612
566	Сита  4, 26–29, 31, 65, 87–89, 91, 100, 102, 115, 136–138, 143–146, 149, 151–154, 157–159, 163–164, 169, 173, 182–187, 190–191, 193–195, 197, 203, 205, 208–209, 212, 214–215, 217, 221–222, 225, 232–233, 236, 238, 242–246, 248–249, 251–257, 259–260, 267, 270, 273–277, 300, 325–326, 334, 369, 371–373, 375, 382, 399, 402, 404–406, 408, 412, 415–416, 430, 432, 438, 449, 468, 478, 481–482, 485–486, 489–492, 499, 502, 504, 508, 514, 519–525, 528, 530–531, 536, 539, 543, 569, 573, 583, 592, 596, 599, 601, 603, 605, 607–609
567	дочь Джанаки (царя Видехи)  138, 149, 152, 182–183, 187, 193, 202, 257–258, 269, 412, 432, 438
568	супруга (жена) Рамы  39, 91, 375, 438, 489, 504, 612
569	царевна Видехи (Митхилы)  27, 29, 32, 65, 107, 136, 139–140, 148–149, 159, 163, 168–169, 184, 187, 190, 207–208, 215, 237–238, 244, 251, 256–257, 259, 270, 273, 275–277, 375–376, 402, 404, 410, 431, 434, 450, 478, 481–486, 490–491, 502, 508, 543, 592
570	сиятельный великий подвижник см. Бхарадваджа
571	Сканда  132, 604–605
572	Картикея, или Карттикея  604–605
573	Кумара  605
574	Сома=1  79, 83, 132–133, 385, 455, 511, 529, 567, 585, 592, 597–598, 601, 611–612
575	Сома=2  79, 83, 132–133, 385, 455, 511, 529, 567, 585, 592, 597–598, 601, 611–612
576	Сомада  612, 614
577	дочь Урмилы  612
578	Сомадатта  603, 612
579	Сринджая  612
580	Субаху  531, 612–613
581	сын Тимидхваджи  208, 531
582	Суврата  461, 587, 612
583	Сугрива  4, 597, 605–606, 609, 611, 613–616
584	сын бога Солнца  546, 613
585	царь обезьян  595, 597, 613, 615
586	Судамана  309, 613
587	Сударшана  461, 613
588	сын Шанкханы  461
589	Судханван=1  419, 575, 613
590	Судханван=2  419, 575, 613
591	Судхрити  613
592	Сукету=1  613
593	Сукету=2  613
594	царственный риши=8  21
595	Сумантра  20–21, 24, 77–80, 82–89, 166–168, 174, 178, 189, 194, 197, 213, 215, 217, 229, 231, 236–239, 241, 243, 245–246, 262–267, 272, 274, 346, 355, 358–359, 365, 398, 413, 417, 432, 463, 501, 510–511, 528–529, 533, 541–543, 562–564, 570, 613
596	сведущий в советах  83, 358, 562
597	Сумати=1  611, 613
598	сын Какутстхи=2  460, 613
599	Сумати=2  611, 613
600	Сумитра  16, 26–28, 41, 59, 65, 67, 102–103, 115–116, 118–120, 154–158, 160, 193, 207, 210, 214–215, 230, 234–235, 239, 244–251, 257–258, 261, 296, 298, 313, 328, 331, 334–335, 361, 379, 393–394, 405–406, 409–410, 412, 419, 436, 450, 500, 502, 508–509, 513, 517, 528, 531–532, 536, 551, 563, 606, 613, 616
601	Сунда  613–614
602	Супарна см. Гаруда
603	Супрабха  613
604	супруг Шачи см. Индра
605	супруг Умы см. Шива
606	Сура  598, 613
607	Сурабхи см. корова, исполняющая желания
608	Сураштра  613
609	Сурья, или Солнце  25, 56, 79, 83, 133, 207–208, 255, 257, 284, 360, 417, 501–502, 539, 599, 613
610	Вивасват  292, 295, 458, 546, 553, 599, 603, 607
611	отец Ману  599
612	Таркшья=2  440, 581, 614
613	Сусандхи  459, 613
614	Сутикшна  613
615	Сучандра  602, 613
616	Сушена  614
617	Суяджня  158–159, 523, 549, 575, 614
618	сын Васиштхи  158, 523, 575, 603, 609, 614
619	сын Вирочаны см. Бала, или Вала
620	сын Сумитры см. Лакшмана
621	сын Маричи см. Кашьяпа
622	сын Каусальи см. Рама
623	сын Какутстхи см. Сумантра
624	сын Дашаратхи см. Рама
625	сын Гадхи см. Вишвамитра
626	сын Вибхандаки см. Ришьяшринга
627	сын Брахмы см. Кумбхакарна
628	сын Асаманьджи см. Аншуман
629	сыновья (сыны) Вишвамитры  602, 606, 608, 615
630	сыновья (сыны) Дашаратхи  256, 488, 497, 504, 539
631	сыновья (сыны) Сагары  113, 515
632	Тара=1  597, 614
633	Тара=2  597, 614
634	Тара=3  597, 614
635	Тарака (Татака)  607, 612–614
636	Тваштар  384, 566, 614
637	текущая тремя путями см. Ганга
638	Тилоттама  613
639	Тимидхваджа  44, 208, 505, 531, 614
640	Триджата  161–162, 524, 550, 614
641	Триджата Гаргья  162, 614
642	Трипатхага см. Ганга
643	Тришанку  199, 459, 529, 587, 614
644	государь Айодхьи  169
645	потомок Икшваку  33, 74, 166, 175, 226, 229, 237, 316, 459, 595, 601, 611
646	Сатьяврата  587
647	Триширас  614
648	Тумбуру  385, 387, 614
649	тысячеглазый см. Индра
650	Удавасу  614
651	Ума  600, 603–604, 608–609, 612, 614–616
652	жена Шивы  614
653	Парвати  600, 603, 609
654	Упасунда  613
655	Урмила=1  489, 593, 612, 614
656	Урмила=2  489, 593, 612, 614
657	сестра Ситы  614
658	услада матери Сумитры см. Лакшмана
659	Уччайхшравас  614
660	конь Индры  614
661	Хавишпанда  615
662	Хануман  4, 595, 599–600, 606, 612, 615
663	Хара см. Шива
664	Харьяшва  615
665	Хаха  384, 615
666	Хема  385, 615
667	Хемачандра  613, 615
668	Химават  65, 367, 412, 468, 600, 608, 614–615
669	Царь гор  615
670	Храсвароман  615
671	Хришикеша см. Вишну
672	Хуху  384, 615
673	царь царей см. Кубера
674	царь птиц см. Гаруда
675	царь богов см. Индра
676	Царевна Видехи см. Сита
677	Чандра, или Луна, или Месяц  15, 25, 56, 88, 91, 417, 467, 472, 485, 502, 511, 592, 615
678	Читраратха=1  160, 515, 552, 615–616
679	Читраратха=2  160, 515, 552, 615–616
680	Чулин  615
681	Чьявана  459, 615
682	великий риши  251, 253, 255, 288, 307, 386, 391, 394, 414, 546, 595
683	потомок Бхригу=4  459, 601, 611
684	Шабала см. корова, исполняющая желания
685	Шабари  616
686	Шакра см. Индра
687	Шакунтала  608
688	Шамбара  44, 47, 505, 531, 614, 616
689	враг Индры  616
690	Шанкара см. Шива
691	Шанкхана  460–461
692	Шанта  616
693	Шантри  603, 609
694	Шарабха  146, 521, 616
695	Шарабханга  616
696	Шатананда  600, 616
697	Шатругхна  7, 39, 41, 96, 139, 184, 214, 233, 249, 304, 308, 313, 315–316, 334–335, 345–349, 354–355, 367, 370–371, 377–379, 394, 397, 408, 411, 413–414, 417, 430–431, 450, 468–469, 475, 497, 504, 508, 520, 536, 548, 559, 569–570, 579–580, 588, 592, 606, 613, 616
698	брат Рамы=3  193, 273, 340, 359, 489, 597, 603, 607, 616
699	всегда побеждающий недругов  7, 497
700	младший брат Лакшманы  346–347
701	сын Сумитры=2  16, 28, 41, 103, 116, 118–120, 154–158, 160, 214–215, 230, 235, 244–246, 248, 250–251, 258, 261, 334, 405–406, 409–410, 412, 450, 500, 532, 536
702	Шатрунджая  86, 410, 573
703	Шачи  10, 15, 85, 334, 399, 499, 510, 555, 616
704	Шашабинду  459, 616
705	Шеша  598
706	Шиби  62, 74, 292, 507, 541, 616
707	Шива  79, 83, 135, 229, 535, 571, 596–597, 600, 603–604, 608–609, 611–612, 614–616, 619
708	Благой=2  78, 137, 176, 290, 393, 519
709	Бхава  571, 597
710	Бхима  597
711	Вечный=3  432, 497, 611
712	владыка богов=3  93, 147, 429, 438, 580
713	владыка миров=3  133
714	Махадева  608
715	Махешвара  447, 608
716	Пашупати  609
717	Рудра  261, 611
718	Хара  615
719	Шанкара  616
720	Шигхрага  461, 616
721	сын Агниварны  461
722	Шри  256, 314, 351, 486, 539, 551, 559, 606, 616
723	Восседающая на лотосе  351, 559
724	жена Вишну  531
725	Лакшми  208, 528, 531, 616
726	Шрутакирти  616
727	Шунака  617
728	Шунахшепа  611, 617
729	Шурпанакха  600, 602, 617
730	сестра Раваны  602
731	Шьяма  255, 257, 539
732	Юванашва  459, 617
733	Юдхаджит=1  315, 322, 355, 497, 551, 562, 617
734	брат матери Бхараты  497
735	дядя Бхараты  562
736	сын царя (государя) Кекаи  617
737	Юдхаджит=2  315, 322, 355, 497, 551, 562, 617
738	Яду  617
739	Яма  11, 49, 66, 89, 109, 133, 188, 274, 292, 294, 307, 325, 433, 506, 514, 521, 539, 545–546, 551, 567, 580, 595, 599, 602–603, 608, 611, 617
740	Антака  109, 514, 595
741	бог смерти  111, 506, 514, 521, 545–546, 551, 595, 603, 611, 617
742	Дхармараджа  291–292, 546, 602
743	Кала  603
744	сын Вивасвата  292, 295, 458, 546, 607
745	Ямуна  81, 250–251, 255, 257–258, 317, 441, 471, 510, 538–539, 566, 569, 603, 605, 610, 617
746	дочь Солнца  255, 257, 539
747	Яяти  29, 70, 115, 118, 267, 345, 502, 509, 516, 541, 587, 617
748	сын Нахуши=2  461, 502, 587, 617
749	Указатель географических названий
750	Абхикала  550
751	Айладхана  552
752	Айодхья  193, 200, 205, 224, 226, 230, 233, 249, 272, 275, 302, 318, 403, 431, 471, 474, 528, 594
753	Акурвати  316, 552
754	Амаравати  503, 510, 553, 595
755	город Индры  354
756	Анга  54, 595
757	Аншудхана  552
758	Апаратала  596
759	ашрама  582–583
760	Бахлика  550, 596
761	Бинду  596
762	Бхаратаварша  601
763	Бхарунда  552
764	Бхогавати  415, 574, 597
765	Бхригупрасравана  597
766	Бхригутунга  597
767	Вайджаянта  505
768	Вайкунтха  528
769	Ванаю  598
770	Ванга  54, 598
771	Варутха  553
772	Васваукасара  571, 598
773	Васумати  599
774	Ватса  537
775	Ведашрути  225, 534, 599
776	Видарбха  599
777	Видеха  599
778	Виндхья  508, 599, 611
779	Випаша  550, 599
780	Вираматсья  552
781	Вишала=1  599
782	Вишала=2  599
783	Вишнупада  550, 600
784	Гандхамадана  538, 600
785	Гая  583, 600
786	Гималаи  467
787	Гиривраджа  600
788	Гокарна  600
789	Гомати  225, 317, 534, 553, 600
790	Грихи  316, 551
791	Дандака  101, 326, 513, 590, 601
792	Дардура  510, 567, 601
793	Джамбудвипа  601
794	Джамбупрастха  553
795	Джанастхана  590, 602
796	Дравида  54, 602
797	Дхармавардхана  552, 602
798	Дхармаранья  602
799	Икшумати  309, 550, 603
800	Индия  601, 612
801	Индрашира  551
802	Иравата  551
803	Кайласа  84, 603, 607
804	Калинганагара  553, 603
805	Калинди  255–257, 459–460, 539, 603
806	Камбоджа  604
807	Кампилья  604
808	Капивати  317, 553, 604
809	Карманаса  604
810	Каруша  604
811	кауравы  605
812	Каушамби  537, 604, 606
813	Каушики  604, 612
814	Каши  54, 508, 595, 604
815	кекаи  12, 499, 603, 617
816	Кекая  605
817	Кишкиндха  605
818	Косала, или Кошала  605
819	Кулинга  550, 552, 605
820	Куру  385, 549–550, 567, 605, 615
821	Куруджангала  550, 605
822	Кутика  553
823	Кутикоштика  552
824	Кушаплава  606
825	Лохитья  553
826	Магадха  54, 606
827	Магадхи  600, 606, 610, 613
828	Майнака  606
829	Малада  606
830	Малая  567, 606
831	Мальявати  262, 541
832	Манаса  571, 607
833	Мандакини  393, 397, 402–404, 414–415, 433, 436, 440, 444, 469, 541, 568, 571–572
834	Мандара  607
835	Матсья  54, 607, 619
836	Махендра  175, 608
837	Маходая  608
838	Меру  22, 79, 84, 86, 90, 195, 328, 375, 529, 554, 595, 601, 608–609
839	Кедарнатх  608
840	Митхила  608
841	Налини  402, 571, 591, 608
842	Нандана  549, 596, 609
843	Нандиграма  609
844	нишады  365, 378, 563
845	обитель  49, 66, 110, 162, 188, 251, 256, 274, 289, 292, 294, 384, 392, 413, 454, 469, 479–480, 506, 517, 538, 540, 545, 564, 566, 573, 585, 591, 597, 606, 614
846	обитель Бхарадваджи  469
847	обитель Бхригу  597
848	обитель Вальмики  540, 614
849	обитель Рамы  413, 573
850	обитель Триджаты  162
851	обитель Ямы  49, 66, 188, 274, 292, 294, 506
852	Павани  609
853	Пампа  609
854	пандавы  605
855	Панчала  549, 609
856	Прагвата  552
857	Праламба  609
858	Праяга  510, 538, 566, 610
859	Аллахабад  510, 538, 566, 610
860	Пушкары, или Пушкара  610
861	Раджагриха  504, 610
862	Рикшавата  611
863	Ришьямука  611
864	Санкашья  612
865	Сарасвати  316, 552, 612
866	Сараю  162, 180, 226, 284, 286, 288–289, 343, 403, 557, 594, 607, 612
867	Сарватиртха  553
868	Саувира  54, 612
869	Саугандхика  571
870	Саураштра  54, 612
871	Синдху  54, 612
872	Сита  26–27, 29, 65, 88–89, 91, 136–138, 143–146, 152–154, 158–159, 163–164, 169, 182–187, 191, 193–195, 197, 215, 222, 233, 243–245, 249, 251, 253, 255–257, 260, 267, 270, 274–277, 300, 325, 369, 372–373, 375, 402, 404, 432, 438, 468, 478, 482, 485–486, 490–491, 502, 508, 514, 520, 522, 524–525, 531, 543, 569, 601, 612, 615
873	Стханумати  317, 553
874	Судама  552, 613
875	Судаман  550, 613
876	Судхарма  355, 562
877	Сумагадхи  606, 613
878	Сучакшу  613
879	Сьяндика  534, 614
880	Тамаса  213, 614
881	Теджобхибхавана  550
882	Торана  552
883	Удджихана  553
884	Уттарага  553
885	Уттара-куру  614
886	хайхаи  459
887	Хастинапура  549, 615
888	Хастиприштака  553
889	Хладини  316, 615
890	Чайтраратха  552, 567–568
891	Читракута  393, 397, 399, 401, 412, 434, 540, 561, 570, 615
892	Шалмали  309, 550, 616
893	Шараданда  550, 616
894	Шатадру  316, 550, 552, 616
895	Шилаваха  552, 616
896	Шона  604, 606, 616
897	Шрингавера  535, 616
898	Экасала  553, 617
899	Предметно-терминологический указатель
900	агнихотра  538, 575
901	ад  113, 151, 187, 330–331, 358, 427, 449–450, 454, 515, 584
902	адхикриты  561
903	акаша (пустое пространство, эфир)  458, 587
904	алтарь  48, 75, 133, 145, 158, 201, 415–416, 486, 490, 538, 540, 560, 580, 592
905	амрита или напиток бессмерития см. ракшасы, ракшаси
906	анвикшики  576
907	апсара, апсары  53, 228, 388, 567, 594, 600–601, 608, 610–613
908	арии  21, 501, 508, 518
909	артха см. Тилака
910	атман  549, 555, 577
911	ашвамедха  419
912	ашрамы  582–583
913	брахмачарья, ученик  427, 524, 536, 582–583
914	ванапрастха, отшельник  57, 107, 121, 130, 132, 144–145, 177, 182, 188, 218, 242, 285–286, 290, 345, 409, 416, 439, 459, 477, 480, 499, 512, 518, 521–522, 535, 538, 546, 583, 599, 607, 611, 613, 616
915	грихастха, гархастха, домохозяин  446, 582–583
916	саньяса, аскет  100, 107, 113, 189, 231, 242–243, 285–286, 288–290, 294, 327, 415, 446, 451, 521, 536, 543, 545, 547, 574, 582–583
917	аюрведа  602
918	бали  75, 509, 519, 596, 598
919	барабан  12, 354, 561, 602
920	белый зонт  13, 19, 103, 410, 499
921	божественные риши см. Риши
922	божественные мудрецы см. Риши
923	брахман, брахманы  8–9, 13–14, 16, 18–20, 25, 35, 73, 77, 79, 81, 89, 129, 134, 137, 147–148, 153, 157–163, 167, 175, 206, 211–212, 244, 278, 292, 304–305, 307, 309, 314, 318, 326, 344, 355, 362, 379–380, 411, 419, 422–424, 451, 456–457, 498, 500–501, 511, 519, 521, 523, 532, 537, 549, 558, 566, 578, 580, 584, 610
924	брахмариши см. Риши
925	брахманы см. Варны
926	брахмачарин  562
927	буддхи  576
928	бхуты  56, 135, 507–508
929	бытие  444, 571, 582
930	вадава, или бадава  542
931	сын Аурвы  542
932	вадака  511
933	ваджапея  532
934	вайдья (умник, ученый, врач)  4, 159, 421, 424, 575
935	вайшьи см. варны
936	ванара (рикша, гопучха, голангула)  611
937	варны  94, 446, 516, 546, 582, 610
938	брахманы  8–9, 13–14, 16, 18–20, 25, 35, 73, 77, 79, 81, 83, 89, 105, 129, 134, 137, 147–148, 153, 157–163, 167, 175, 206, 211–213, 243–244, 278, 292, 303–305, 307, 309, 314, 318, 326, 343–344, 355, 360, 362, 379–380, 411, 419, 422–424, 451, 456–457, 475, 491, 498, 500–501, 511, 515, 519, 521, 523, 532, 537, 549, 557–558, 566, 576, 578, 580, 584, 586, 588, 610
939	вайшьи  287, 360, 422, 546–547
940	кшатрии  47, 243, 279, 289–290, 294, 306, 355, 360, 422, 498, 500, 511, 515, 537, 549, 558, 582, 610–611
941	шудры  287, 546–547
942	васу  598–599
943	вахана  600
944	веданги  9, 16, 78
945	веды  9, 16, 74, 78, 105, 129, 134, 137, 213, 292, 318, 513, 518, 521, 534, 562, 576–577, 582–583, 597, 599, 609, 611–612
946	Атхарваведа  568
947	Ригведа  505, 515, 568, 571, 583, 591, 594–602, 607, 610, 612, 615, 617, 619–620
948	Самаведа  343, 557
949	верхний мир (небо)  8, 11, 22, 25, 31, 50–52, 56, 70–72, 75–76, 85–86, 93–94, 107, 113, 115, 118, 129, 132, 135, 141–142, 151–154, 164, 168, 172, 185, 190, 195, 199, 203, 220, 223–224, 228, 249, 253, 275, 284, 290, 293–295, 300, 302–304, 306, 317, 323, 330–331, 342, 345, 348, 350, 354, 356–357, 362, 366, 379, 385–389, 391, 394, 396–399, 401, 405, 417, 426, 428–432, 434–435, 437, 440–441, 443, 451, 453–456, 459, 466, 472–473, 475, 483, 485, 487, 490, 499, 502, 506, 509–510, 516–517, 520, 522, 525, 535, 539, 541, 543, 546–547, 562, 564, 568, 587, 589, 592, 595, 608–609, 611–612, 614, 616
950	видьядхары  400, 570–571
951	вина  111, 181, 338, 382, 384–385, 388–389, 428, 473, 598, 613
952	виная  528
953	Вишакха  199, 529
954	гандхарвы, гандхарви  56, 385, 391, 466, 552, 601, 612, 614–615
955	гетеры  20, 77, 178, 234, 297
956	гуру  31, 66, 98, 111, 157, 186, 285, 292, 337, 339, 350, 359, 365, 411, 445, 454–455, 462, 469, 484, 503, 514, 516, 523, 529, 545, 559, 570, 573–574, 582, 585
957	дайтьи  132, 134, 519, 596, 598, 602
958	дакшина  519, 547
959	дандаки  44, 513, 602
960	дваждырожденные  32, 39, 60, 81, 147, 157, 212, 278, 377, 450, 456, 511, 532, 546
961	джата (косица)  285, 536
962	джьештха  590
963	династия  502, 547, 562, 587, 594–597, 599, 601–603, 605, 607–614, 616–617
964	дхармашастра  576
965	дыхание  9, 27, 234, 278, 295, 498, 535, 547
966	евнухи  297
967	жертва, или возлияние на огне  25, 31, 75, 105–106, 129, 133–134, 145, 152, 158, 165, 179, 201, 205, 212–213, 231, 244, 251, 258, 260–261, 268, 279, 291–292, 304, 306, 318, 320, 335, 339, 343, 373, 394, 414, 419, 425, 429, 439–440, 449, 452, 454, 457, 472, 479, 491, 513, 518–519, 524, 527–528, 530–531, 538–540, 547, 556–557, 579–580, 583–584, 586–587, 597, 610, 614
968	жертвенная пища  433, 452, 580
969	жертвенная утварь  472
970	жертвенник  151, 262, 306, 472, 479, 540, 590
971	жертвенное возлияние  472
972	жертвенное масло (жир)  134
973	жертвенный дар  579
974	жертвенный дар (подношение, приношение)  519, 579
975	жертвенный напиток  612
976	жертвенный огонь  556, 594
977	жертвенный рис  134
978	жертвенный хворост  131
979	жертвоприношение предкам  584
980	заклинание  134
981	Бала  596
982	Варуна  7, 79, 83, 89, 132, 157, 307, 487, 497, 523, 567, 594–595, 597–598
983	Дайтья  519
984	Макара  510
985	Сатьяван  149, 521–522, 603, 612
986	знамя Индры, или знамя Шакры, или знамя супруга Шачи.  278, 344, 346, 544, 555, 558
987	йога  554
988	йоджана  410, 538
989	кавья  603, 610, 617
990	каларатри (ночь гибели мира)  204, 327, 530
991	кальпа  530, 542, 607
992	картика  590
993	каштха  519
994	киннари  50–51, 53, 65, 110, 506
995	киннары  254, 397, 400, 569, 571
996	коти  313, 526
997	Криттики  605
998	кроша  255, 258, 380, 538, 543, 566
999	кшатрии см. Варны
1000	локаятики (неверующие брахманы)  422, 576, 584, 586
1001	лотосоокий, лотосоокая  24, 53, 71, 142, 177, 223, 236, 259, 322, 438
1002	Лунная династия  609, 617
1003	магадхи  600, 606, 610, 613
1004	мала  275, 519
1005	манас  571, 607
1006	маруты  21, 131, 447, 519, 607
1007	мир богов  153, 240, 509
1008	мир Брахмы, или брахмалока  244, 443
1009	мир Индры, или третье небо, или небо Индры  52, 113, 316, 331, 430, 451, 455, 517, 546, 551, 608
1010	наги  228, 519, 574, 597–598
1011	настика (безбожие)  424, 577, 585
1012	нишка  524, 551
1013	одежда (платье) из лыка  57, 67, 99–100, 120, 130, 144, 182–187, 231, 242, 291, 325, 328, 335, 338, 371, 376, 416, 418, 426, 428, 432, 467, 477, 490, 512, 527, 574
1014	оружие  131, 157, 163, 178, 194, 208, 290, 337, 364, 380, 398, 406, 408, 412, 472, 524, 531
1015	Агнея, или Шикхара, стрела Агни  316, 552
1016	божественное оружие, сыновья Праджапати Кришашвы  157, 208, 531, 602, 605, 613
1017	ваджра, или перун Индры (Шакры)  68, 89, 125, 290, 332, 430, 498, 508, 511, 614
1018	оружие Индры  498
1019	Пинака, лук Шивы-Рудры, Рамы, Джанаки, божественный лук, лук-сокровище  488
1020	Сухой, дротик  414
1021	Тамаса, стрела (?), наводящая тьму  213–217, 540, 614
1022	отшельник, отшельники  57, 61, 107, 121, 130, 132, 139, 144–145, 157, 177, 182, 188, 218, 242, 251, 285–286, 290, 345, 370, 384, 409, 414, 416, 439, 459, 477–480, 491, 499, 512, 518, 521–522, 527, 533, 535–536, 538, 546, 564, 583, 591, 599, 607, 611, 613, 616
1023	пада  415, 527, 561, 566, 591
1024	патала (подземный мир)  66
1025	пахтанье (молочного) океана  134, 501, 519, 598, 602, 607, 614
1026	певец, певцы  32–33, 82, 92, 137, 297, 354, 362, 375, 511, 520, 547, 562, 614
1027	Первая Пхалгуни  597
1028	песнопения  297
1029	пинда  558
1030	пишачи  56, 132, 507
1031	планеты  25, 132, 199, 501–502, 529, 547, 574, 617
1032	пять (семь, девять) планет  45, 57, 99, 128, 192, 350, 360, 509
1033	погребальная жертва  75, 201, 530, 580, 584
1034	подвижник, подвижники  28, 252, 381, 383, 385, 392
1035	прадакшина  512, 516, 557
1036	прана  547
1037	предки  13, 25, 40, 93, 114, 131, 145, 165, 185, 309, 329, 339, 401, 412, 419, 422–423, 425, 427, 430, 433, 437, 442, 449, 451–452, 454–455, 461, 501, 527, 530, 544, 547, 550, 558, 579–581, 583–585, 599, 602
1038	пуджа  105, 513, 524
1039	пурохита  597–598
1040	пут  449, 550, 584, 611
1041	путра  449, 584
1042	Путь богов (Млечный путь)  353, 561
1043	Пушья  13, 22, 24–27, 35, 39, 78, 81, 137, 500, 510, 519–520
1044	пять первоэлементов  587
1045	раджапутра  549
1046	раджасуя  419, 511, 575
1047	разум  9, 15, 25, 31, 45, 53, 57–59, 61, 63, 74, 76, 78, 80, 96–97, 103, 112, 116, 119–120, 123, 146, 149, 166, 169–170, 175, 180, 196, 200, 213, 215, 218, 220, 224, 247, 253, 265, 269, 273, 280, 287, 295–296, 312, 319, 321, 323–324, 329, 336, 338, 340–341, 345, 347, 367, 371, 381–382, 402, 422, 443, 445–446, 454, 456, 512, 517, 547, 554, 556–557, 576, 601, 605, 610–611
1048	раковина  356
1049	ракшасы, ракшаси  4, 44, 56, 132, 205, 312, 331, 478–479, 491, 505, 507, 531, 550, 600, 602, 606, 610, 612–614
1050	раса=1
1051	амрита, или напиток бессмертия  23, 38, 134, 389, 401, 501–502, 519, 608
1052	сома  79, 83, 132–133, 212, 279, 385, 390, 455, 511, 529, 532, 567–568, 572, 585, 592, 597–598, 601, 611–612
1053	Ригведа см. Веды
1054	риши  12, 18, 21, 23, 25, 28–29, 31, 34, 38, 42, 50, 54, 57, 61, 70, 73, 76–77, 79, 81, 87, 92, 95–96, 99, 102, 104, 106, 110, 113, 118, 121, 126, 130–136, 140, 143, 145–146, 149, 154, 158, 163, 167, 174, 178–179, 181, 186, 188, 192, 198, 200, 204, 206, 210, 214, 218, 220, 224, 226, 228, 232, 235, 242, 246, 250–255, 258, 260, 262, 266, 270, 274, 276–277, 280, 282, 285–288, 296, 299, 303, 307, 310, 312, 316, 321, 327, 330, 334, 341, 343, 345–346, 349, 351, 354, 356, 360, 363, 365, 368, 371, 374, 377, 380–381, 383–384, 386, 391, 394–396, 399, 401–404, 407, 411, 413–414, 418, 426, 429–430, 435, 439, 444, 448–450, 452, 454–455, 457, 460–461, 463, 465–466, 468, 470–471, 474, 477–483, 489–492, 501, 515, 534, 538, 541, 546, 549, 567, 570, 573, 587, 591, 595–598, 600, 604–605, 607, 609–610
1055	брахмариши  175, 600
1056	девариши или божественные риши  465, 597, 605, 609
1057	махариши, или великие риши  61, 131–132, 135, 253, 255, 276, 455, 465–466, 587, 591, 595–598, 600, 607, 609–610
1058	царственные риши  21, 61, 226, 449, 463, 466, 534
1059	Самаведа см. Веды
1060	саманы (песнопение)  557
1061	самхита  587, 619
1062	сандалии  391, 467–470, 476–477
1063	свастика  378, 565
1064	сваямвара  486–487, 489, 523
1065	святилище  19–20, 94, 158, 262, 342, 384, 500, 524, 540
1066	Сиддха см. Риши
1067	сиддхи  131, 255, 403, 541, 551
1068	сказители  32, 92, 137, 296–297, 305, 375, 520, 547
1069	Смерть  66, 108, 442, 515
1070	смрити  132, 498, 518–519
1071	собрание  12, 18–20, 22, 51, 304, 311, 356–358, 445, 488, 582
1072	советник, советники  4, 11, 23, 77, 80, 86, 160, 279, 307–308, 313, 349, 351, 360, 362, 380–381, 387, 419–420, 425, 439, 462, 467, 469–470, 475, 510, 549, 559, 575–577, 584, 588–590, 598, 601–602, 604, 607–608, 614–615
1073	созерцание
1074	Солнечная династия  547, 587, 594–597, 599, 601–603, 605, 607–614, 616–617
1075	сома см. ракшасы, ракшаси
1076	сыновья (сыны) Кашьяпы и Адити, или Адитьи, или сыновья (сыны) Адити, или суры, или боги  4, 7–8, 10–12, 15–17, 21, 23, 25, 44–45, 53, 56–57, 71, 74, 78–79, 85, 93, 98, 114, 124, 129, 131–136, 145, 147, 153, 164–165, 171–172, 208, 227–229, 233, 236, 240, 244, 260–262, 278, 295, 306, 332, 339–340, 353, 356, 369, 377, 380, 384–385, 391, 394–395, 419, 423–425, 429, 438, 445, 448, 452, 454–456, 458, 482–483, 485, 490, 497–498, 500–501, 509, 511, 516, 518–520, 525–526, 536, 538, 540–542, 546, 561–562, 566–567, 569, 576–578, 580–581, 583, 585, 591, 594–604, 607–610, 612–614, 616
1077	сыновья (сыны) Кашьяпы и Дану, или данавы  78, 208, 228, 395, 430, 531, 579
1078	сыновья (сыны) Кашьяпы и Дити, или сыновья (сыны) Дити, или асуры  10, 44, 233, 369, 531, 545, 596, 598, 601, 607, 612–614
1079	шудры см. варны
1080	Указатель флоры и фауны
1081	акула, акулы  273, 345, 510
1082	алоэ  76, 90, 93, 319, 343, 391, 473–474
1083	амалака  386, 388, 400
1084	амра  400
1085	анкола  400, 570
1086	аришта  400, 570
1087	асана  400, 570
1088	ашвакарна  415
1089	ашваттха  388, 568
1090	ашока  51, 549, 596
1091	бадари  255, 400, 433
1092	баньян  242, 257
1093	бибхитака, или вибхитака  388, 568
1094	биджака  400, 570
1095	биджапурака  386, 567, 570
1096	билва  259, 386, 388, 400
1097	бхавья  400, 570
1098	бхаллатака  259, 540
1099	бхурджа  401, 571
1100	варана  400, 570
1101	вену  400, 570
1102	ветра  213, 262, 276, 298, 400, 410, 482, 556, 570, 599, 607, 615
1103	дарбха  26, 82, 416, 433, 436, 580
1104	дельфин, дельфины  229, 397, 510
1105	деодар  343
1106	джамбу  256, 388, 400, 539, 568, 601
1107	джати  388, 568
1108	джримбха  176, 526
1109	дхава  400
1110	дханвана  400, 570
1111	ингуди  229, 373–374, 432, 436–437, 535, 564, 579
1112	индури  433
1113	калаханса  562
1114	капиттха  386, 567
1115	карникара  394, 569
1116	каша  54, 150, 390, 508, 522, 595, 604
1117	кашмарья  400, 570
1118	киншука, или палаша  259, 283–284, 540, 545
1119	ковидара, или ковидра  363, 406, 563
1120	кокила  539
1121	кояштибха  539
1122	краунча  51, 192, 343, 349, 435
1123	крокодил, крокодилы  144, 229, 472, 510
1124	куша  32, 77, 93, 131, 141, 150, 183, 208, 279, 373, 401, 414–415, 463, 527, 596, 598, 600, 602, 604–606
1125	куштха  401, 571
1126	кхадира  279
1127	кхарджура  567
1128	лань, лани  53, 85–86, 109, 128, 154, 172, 182, 187, 251–252, 254, 285, 374, 396–398, 414–415, 434, 490, 518, 538
1129	лодхра  400, 570
1130	мадхука  400, 570
1131	макара  87, 510
1132	малати  388, 568
1133	маллика  388, 568
1134	нимба  175, 526
1135	нипа  400, 570
1136	павлин  361
1137	падмака  343, 557
1138	панаса  386, 400, 567
1139	прияка  317, 553
1140	прияла  400, 570
1141	пуннага  401, 571
1142	ратханга  571
1143	саллаки  255, 539
1144	сандал  19, 49, 76, 90, 93, 164, 297, 319, 343, 390–391, 473–474, 525, 592
1145	сарала  343, 388, 557, 568
1146	саранга  545
1147	тала  388, 415
1148	тамалака  388, 568
1149	тилака  47, 388, 400, 494, 506, 568
1150	тиндука  400
1151	тиниша  400, 570
1152	удумбара  77, 510
1153	чакравака  228, 435, 563, 571
1154	чампака  51, 506
1155	черепаха, черепахи  604
1156	чута  386, 567
1157	шала, или сала  318, 323, 405, 410, 413, 415
1158	шара  150, 522
1159	шиншапа  388, 568