0	Общее название указателя	Указатель имен эпических и мифологических персонажей
1	[No Paragraph Style]	a-Агастья  159, 225, 534, 594, 609, 613–614
2	[No Paragraph Style]	a-великий риши=1  251, 253, 255, 288, 307, 386, 391, 394, 414, 546, 595
3	[No Paragraph Style]	a-Агни  79, 83, 250, 438, 455, 507–508, 538, 585, 594, 609, 612
4	[No Paragraph Style]	a-Анала  598
5	[No Paragraph Style]	a-Павака  609
6	[No Paragraph Style]	a-Агниварна  461, 594
7	[No Paragraph Style]	a-сын Сударшаны  461
8	[No Paragraph Style]	a-Аджа  461, 587, 594
9	[No Paragraph Style]	a-Адити  8, 134, 394, 498, 519, 569, 594, 599, 604
10	[No Paragraph Style]	a-жена Кашьяпы  594, 602
11	[No Paragraph Style]	a-Адрикритастхали  385, 594
12	[No Paragraph Style]	a-Айравата  551, 594
13	[No Paragraph Style]	a-слон Индры  551, 594
14	[No Paragraph Style]	a-Акопа  594
15	[No Paragraph Style]	a-Акша  595
16	[No Paragraph Style]	a-Аламбуша=1  385, 388, 567, 595
17	[No Paragraph Style]	a-Аламбуша=2  385, 388, 567, 595
18	[No Paragraph Style]	a-Аларка  62, 74, 508, 595
19	[No Paragraph Style]	a-Амбариша  461, 595
20	[No Paragraph Style]	a-потомок Икшваку  33, 74, 166, 175, 226, 229, 237, 316, 595
21	[No Paragraph Style]	a-сын Прашушрувы  461
22	[No Paragraph Style]	a-царственный риши=1  21
23	[No Paragraph Style]	a-Анаранья  458–459, 587, 595
24	[No Paragraph Style]	a-сын Баны  458
25	[No Paragraph Style]	a-Анасуя  481–482, 484–486, 489–491, 591–592
26	[No Paragraph Style]	a-дочь Дакши  595, 599, 602, 611
27	[No Paragraph Style]	a-жена (супруга) Атри  482, 595
28	[No Paragraph Style]	a-Ангада  595, 614
29	[No Paragraph Style]	a-сын Валина  595
30	[No Paragraph Style]	a-Ангарака  25, 501
31	[No Paragraph Style]	a-Лохитанга  199, 529
32	[No Paragraph Style]	a-Мангала  529
33	[No Paragraph Style]	a-Марс  501, 529
34	[No Paragraph Style]	a-Ангирас  161, 595
35	[No Paragraph Style]	a-Анджана  595, 615
36	[No Paragraph Style]	a-слон Варуны  595
37	[No Paragraph Style]	a-Анила (ветер)  598
38	[No Paragraph Style]	a-Аншуман  460, 499, 539, 595–596
39	[No Paragraph Style]	a-внук Сагары  595
40	[No Paragraph Style]	a-сын Асаманьджи  460, 595
41	[No Paragraph Style]	a-Апа  598
42	[No Paragraph Style]	a-Арджуна  547
43	[No Paragraph Style]	a-Арьяман  131, 596
44	[No Paragraph Style]	a-Асаманьджа  179–180, 460, 527, 595–596
45	[No Paragraph Style]	a-Асита  459, 596, 603
46	[No Paragraph Style]	a-Асуртараджаса  596
47	[No Paragraph Style]	a-Атри  481–482, 591, 595–596
48	[No Paragraph Style]	a-сын Брахмы  591, 601, 607, 609
49	[No Paragraph Style]	a-Аурва  542
50	[No Paragraph Style]	a-Ахалья  596, 600, 616
51	[No Paragraph Style]	a-Ашвапати=1  7, 155, 315, 319, 331, 497, 521, 523, 549, 596, 611
52	[No Paragraph Style]	a-отец Кайкейи  497, 499, 596, 605
53	[No Paragraph Style]	a-Ашвапати=2  7, 155, 315, 319, 331, 497, 521, 523, 549, 596, 611
54	[No Paragraph Style]	a-отец Савитри  521
55	[No Paragraph Style]	a-Ашвины  41, 267, 596, 615
56	[No Paragraph Style]	a-Ашоканандана  308, 549, 596
57	[No Paragraph Style]	a-Бала, или Вала  596
58	[No Paragraph Style]	a-Бали  75, 509, 596, 598
59	[No Paragraph Style]	a-сын Вирочаны  596
60	[No Paragraph Style]	a-Бана  458, 537, 596, 614, 619
61	[No Paragraph Style]	a-сын Викукши  458, 603
62	[No Paragraph Style]	a-Брахма  78, 133, 153, 159, 208, 244, 385, 387, 416, 443, 458, 497, 510–511, 522, 525, 531, 542, 562, 569, 586–587, 591, 596, 598–602, 604–607, 609–612, 616
63	[No Paragraph Style]	a-Благой=1  78, 137, 176, 290, 393, 519
64	[No Paragraph Style]	a-Вечный=1  432, 497, 611
65	[No Paragraph Style]	a-Видхатар  131, 599
66	[No Paragraph Style]	a-владыка богов=1  93, 147, 429, 438, 580
67	[No Paragraph Style]	a-владыка миров=1  133
68	[No Paragraph Style]	a-Возникший из пустого пространства  458, 587
69	[No Paragraph Style]	a-Дхатар  131, 394, 569, 599, 602
70	[No Paragraph Style]	a-Праджапати=1  11, 169, 439, 458, 515, 525, 569, 586–587, 597, 605, 609, 614
71	[No Paragraph Style]	a-Пуруша  27, 502, 610
72	[No Paragraph Style]	a-Сваямбху, или Самосущий  7, 152, 458, 497, 522, 586, 612
73	[No Paragraph Style]	a-Брахмадатта  596, 612, 615
74	[No Paragraph Style]	a-равный великому Индре=1  437
75	[No Paragraph Style]	a-Брихадратха  596
76	[No Paragraph Style]	a-Брихаспати  10–11, 15, 30, 132, 137, 199, 417, 438, 498, 519–520, 529, 566, 574, 580, 597, 599
77	[No Paragraph Style]	a-Вачаспати  8, 17, 498, 599
78	[No Paragraph Style]	a-Гуру  503, 514, 529, 585
79	[No Paragraph Style]	a-отец Бхарадваджи  566
80	[No Paragraph Style]	a-Юпитер  529, 574
81	[No Paragraph Style]	a-Будда  456, 585–586
82	[No Paragraph Style]	a-Сиддхартха=1  180–181, 308, 597, 612
83	[No Paragraph Style]	a-Шакьямуни  597
84	[No Paragraph Style]	a-Будха  199, 529, 597
85	[No Paragraph Style]	a-Меркурий  529, 597
86	[No Paragraph Style]	a-сын Сомы  529, 597
87	[No Paragraph Style]	a-Бхага  131, 597
88	[No Paragraph Style]	a-Бхагиратха  243, 250, 317, 370, 460, 535, 537–538, 597, 602
89	[No Paragraph Style]	a-потомок Сагары  229, 535
90	[No Paragraph Style]	a-царственный риши (мудрец)  21
91	[No Paragraph Style]	a-Бхарадваджа=1  250–256, 259, 262, 366, 380–384, 387–388, 391–395, 397, 414, 469–470, 538, 564, 566, 568–569
92	[No Paragraph Style]	a-великий риши=2  251, 253, 255, 288, 307, 386, 391, 394, 414, 546, 595
93	[No Paragraph Style]	a-Сиятельный великий подвижник  392
94	[No Paragraph Style]	a-Бхарадваджа=2  250–256, 259, 262, 366, 380–384, 387–388, 391–395, 397, 414, 469–470, 538, 564, 566, 568–569
95	[No Paragraph Style]	a-Бхарата=1  7, 9, 16, 26, 37–49, 57, 59–60, 62–64, 67–69, 73, 96, 98–102, 107, 111–112, 119–120, 129, 138–140, 155–156, 171–173, 175, 179, 181, 184, 201, 211, 214–215, 223, 238, 241, 247, 257, 268, 278, 303–304, 308, 310–311, 313–327, 330, 334–336, 340–346, 348–351, 353–368, 371–372, 374, 377–384, 386–389, 391–396, 398–399, 401, 405–414, 416–418, 426–427, 429–434, 438–441, 443–444, 447–452, 455, 459, 462–471, 473–477, 481, 497–498, 500, 502, 504–505, 508–509, 514, 516, 520, 527, 535–536, 539, 541–542, 544, 548, 550–557, 560–562, 564–567, 569–570, 572–575, 578–579, 581–583, 588–590, 592, 596–597, 603, 605–607, 609, 617
96	[No Paragraph Style]	a-Бхарата=2  7, 9, 16, 26, 37–49, 57, 59–60, 62–64, 67–69, 73, 96, 98–102, 107, 111–112, 119–120, 129, 138–140, 155–156, 171–173, 175, 179, 181, 184, 201, 211, 214–215, 223, 238, 241, 247, 257, 268, 278, 303–304, 308, 310–311, 313–327, 330, 334–336, 340–346, 348–351, 353–368, 371–372, 374, 377–384, 386–389, 391–396, 398–399, 401, 405–414, 416–418, 426–427, 429–434, 438–441, 443–444, 447–452, 455, 459, 462–471, 473–477, 481, 497–498, 500, 502, 504–505, 508–509, 514, 516, 520, 527, 535–536, 539, 541–542, 544, 548, 550–557, 560–562, 564–567, 569–570, 572–575, 578–579, 581–583, 588–590, 592, 596–597, 603, 605–607, 609, 617
97	[No Paragraph Style]	a-брат Рамы=1  193, 273, 340, 359, 489, 597, 603, 607, 616
98	[No Paragraph Style]	a-потомок Икшваку  33, 74, 166, 175, 226, 229, 237, 268, 316, 595
99	[No Paragraph Style]	a-потомок Какутстхи  28–29, 79, 127–128, 178, 195, 211, 217, 221, 232, 235, 239, 252–253, 259, 364, 378, 412, 426, 431–432, 462, 464, 466, 502, 533, 588
100	[No Paragraph Style]	a-Рагхава, или потомок Рагху  15, 17, 21–25, 35, 40–42, 45, 48–49, 59–61, 64, 67, 71–72, 78, 80, 83, 86, 90–91, 97, 99, 101, 104, 106–107, 109–112, 122, 124–125, 128, 131, 134–138, 141–142, 147–149, 154, 156–158, 161, 164, 166, 168–171, 173, 177–178, 181–182, 185, 188, 192, 194–195, 197, 204, 207, 209–210, 215, 217–219, 221–223, 225, 227, 229–230, 232, 236–237, 242, 249, 252–256, 261–263, 267–269, 272, 275, 277, 279, 281, 287–288, 294, 296, 301–302, 311, 317, 319, 325, 328–330, 335, 344, 350, 355, 358, 361, 366–367, 373, 376–377, 380–381, 393, 398, 405–407, 410–411, 413, 415–416, 418–419, 422, 424–425, 430, 432–433, 437, 439, 441, 444–445, 448, 451, 462–464, 467–470, 476, 478, 480–482, 486, 489, 491, 533, 542, 566, 570, 588, 591, 593, 610
101	[No Paragraph Style]	a-сын Дашаратхи  94, 183, 196, 217, 222, 231, 233, 236, 243, 251, 317, 341, 364, 369, 375, 381, 396, 399, 415, 438, 445, 448, 456, 473, 579, 606, 610
102	[No Paragraph Style]	a-сын Кайкейи  108, 247, 314–315, 325, 362, 364, 367, 383, 386, 406, 416, 421, 426, 502, 514
103	[No Paragraph Style]	a-услада Кайкейи  211
104	[No Paragraph Style]	a-услада рода Икшваку  360
105	[No Paragraph Style]	a-услада царя Дашаратхи  322
106	[No Paragraph Style]	a-Бхригу  161, 459, 597, 601, 603, 610–611, 615, 617
107	[No Paragraph Style]	a-сын Праджапати=1  597
108	[No Paragraph Style]	a-Валин  595, 597, 602, 605, 614
109	[No Paragraph Style]	a-Вальмики  12, 18, 23, 28, 31, 34, 38, 42, 50, 54, 57, 70, 73, 81, 87, 92, 95, 99, 104, 110, 118, 121, 126, 130, 136, 140, 143, 146, 149, 154, 158, 163, 167, 174, 178, 181, 186, 188, 192, 198, 200, 204, 206, 210, 214, 218, 220, 224, 226, 232, 235, 246, 250, 254, 258, 260, 262, 266, 270, 274, 277, 280, 282, 288, 296, 299, 303, 307, 310, 312, 316, 321, 327, 330, 334, 341, 343, 346, 349, 351, 354, 356, 360, 363, 365, 368, 371, 374, 377, 380, 383, 391, 396, 399, 402, 404, 407, 411, 413, 418, 426, 429–430, 435, 439, 444, 448, 450, 452, 457, 461, 465, 468, 471, 474, 477, 480, 483, 489, 492, 524, 540, 597–598, 606, 614
110	[No Paragraph Style]	a-великий риши=3  251, 253, 255, 288, 307, 386, 391, 394, 414, 546, 595
111	[No Paragraph Style]	a-Вамадева  18, 303, 469, 501, 575, 589, 598
112	[No Paragraph Style]	a-советник (наставник) царя Дашаратхи  589, 598, 601, 604, 607–608
113	[No Paragraph Style]	a-Вамана=1  388, 596, 598
114	[No Paragraph Style]	a-Вамана=2  388, 596, 598
115	[No Paragraph Style]	a-Вамана=3  388, 596, 598
116	[No Paragraph Style]	a-Варуна  7, 79, 83, 89, 132, 157, 307, 487, 497, 523, 567, 594–595, 597–598
117	[No Paragraph Style]	a-Варуни, или Сура  598, 613
118	[No Paragraph Style]	a-дочь Варуны  613
119	[No Paragraph Style]	a-Васиштха  18–19, 28–31, 76–79, 158, 184–185, 304, 307–309, 314, 326, 341–342, 346, 355, 380–382, 396, 413, 436, 438, 447, 458, 462, 469–470, 475, 500, 502–503, 519, 523, 531, 552, 557, 562, 566, 569–570, 575, 580, 586, 598, 603, 609, 614–615
120	[No Paragraph Style]	a-великий риши=4  251, 253, 255, 288, 307, 386, 391, 394, 414, 546, 595
121	[No Paragraph Style]	a-гуру рода Икшваку  157, 523
122	[No Paragraph Style]	a-Дхрити  570
123	[No Paragraph Style]	a-жрец Рамы  580
124	[No Paragraph Style]	a-Васу  598–599
125	[No Paragraph Style]	a-Васуки  598
126	[No Paragraph Style]	a-Ваю  455, 584–585, 599, 607, 615, 619
127	[No Paragraph Style]	a-бог ветра  599
128	[No Paragraph Style]	a-Марута  317, 607
129	[No Paragraph Style]	a-Вибудха  599
130	[No Paragraph Style]	a-Вибхандака  599, 604, 611
131	[No Paragraph Style]	a-сын Кашьяпы=1  599–600
132	[No Paragraph Style]	a-Вибхишана  599–600
133	[No Paragraph Style]	a-брат Раваны=1  478, 599, 605–606
134	[No Paragraph Style]	a-Виджая  308, 599
135	[No Paragraph Style]	a-Викукши  458, 599, 603
136	[No Paragraph Style]	a-Вината  134, 317, 519, 553, 599
137	[No Paragraph Style]	a-Вирадха  599
138	[No Paragraph Style]	a-Вирата  607
139	[No Paragraph Style]	a-Вирочана  596, 599, 607
140	[No Paragraph Style]	a-Вишакха  199, 529
141	[No Paragraph Style]	a-Вишала  599, 602–603, 606, 612–613
142	[No Paragraph Style]	a-сын Икшваку=1  458, 605, 609
143	[No Paragraph Style]	a-Вишвавасу  384, 599
144	[No Paragraph Style]	a-Вишвадевы  261
145	[No Paragraph Style]	a-Вишвакарман  384, 386, 566, 599, 608–609
146	[No Paragraph Style]	a-Вишвамитра  131, 488, 514, 524, 531, 587, 600, 602, 604–606, 608, 611–612, 614–615
147	[No Paragraph Style]	a-великий подвижник  381, 383, 392
148	[No Paragraph Style]	a-великий риши  251, 253, 255, 288, 307, 386, 391, 394, 414, 546, 595
149	[No Paragraph Style]	a-Каушика, или сын Кушики  159, 524, 604, 612
150	[No Paragraph Style]	a-потомок Куши  600
151	[No Paragraph Style]	a-сын Гадхи  600
152	[No Paragraph Style]	a-царственный риши=2  21
153	[No Paragraph Style]	a-Вишвачи  385, 600
154	[No Paragraph Style]	a-Вишну  4, 7, 17, 31, 105, 134, 229, 261, 486, 497, 500, 502, 509, 513, 519, 522, 528, 531, 535, 550, 569, 573, 581, 587, 596, 598, 600–601, 603–606, 608–611, 615–616, 619, 621
155	[No Paragraph Style]	a-Вечный=2  432, 497, 611
156	[No Paragraph Style]	a-владыка богов=2  93, 147, 429, 438, 580
157	[No Paragraph Style]	a-владыка миров=2  133
158	[No Paragraph Style]	a-Джанардана, или Пуруша Джанардана  27, 502, 601
159	[No Paragraph Style]	a-Кешава  605
160	[No Paragraph Style]	a-Мадхусудана  32, 606
161	[No Paragraph Style]	a-Нараяна  31, 609
162	[No Paragraph Style]	a-Праджапати=2  11, 169, 439, 458, 515, 525, 569, 586–587, 597, 605, 609, 614
163	[No Paragraph Style]	a-Пурушоттама  610
164	[No Paragraph Style]	a-сын Адити  498
165	[No Paragraph Style]	a-Упендра, или младший брат Индры  509, 569
166	[No Paragraph Style]	a-Хари  615
167	[No Paragraph Style]	a-Хришикеша  615
168	[No Paragraph Style]	a-Вишравас  600, 605, 610
169	[No Paragraph Style]	a-Вритра  134, 505, 600, 603, 616
170	[No Paragraph Style]	a-Гадхи, или Гадхин  600
171	[No Paragraph Style]	a-Ганга  77, 81, 227–229, 235–236, 242–244, 250–251, 255, 262–263, 309, 316–317, 354, 362–364, 366, 377–379, 395, 471, 510, 535, 537–538, 541, 549–550, 552, 561, 566, 568, 571, 591, 596–597, 599–600, 602–608, 610, 612, 614–616
172	[No Paragraph Style]	a-Бхагиратхи  243, 250, 317, 370, 460, 537–538, 597, 602
173	[No Paragraph Style]	a-Джахнави, или дочь Джахну  481, 591, 602
174	[No Paragraph Style]	a-дочь Царя гор  600, 614
175	[No Paragraph Style]	a-Малини  309, 549, 607
176	[No Paragraph Style]	a-старшая дочь Химавата  614
177	[No Paragraph Style]	a-супруга Океана  229
178	[No Paragraph Style]	a-Трипатхага, или Текущая (идущая) тремя путями  227, 244, 614
179	[No Paragraph Style]	a-Гандхамадана  253, 538, 600
180	[No Paragraph Style]	a-Гарги  614
181	[No Paragraph Style]	a-Гаргья Триджата  161
182	[No Paragraph Style]	a-Гаруда  220, 519, 530, 581, 599–600, 602, 611, 613–614
183	[No Paragraph Style]	a-Супарна  134, 203, 519, 530, 613
184	[No Paragraph Style]	a-Таркшья=1  440, 581, 614
185	[No Paragraph Style]	a-царь птиц  599
186	[No Paragraph Style]	a-Гаутама  303, 596, 600, 616
187	[No Paragraph Style]	a-супруг Ахальи  600
188	[No Paragraph Style]	a-Гая  449, 583–584, 600, 606
189	[No Paragraph Style]	a-Гомер  621
190	[No Paragraph Style]	a-Гопа  387, 601
191	[No Paragraph Style]	a-Гуха  230–233, 235–236, 242–243, 262, 270, 362, 364–369, 371–372, 374, 377–379, 411, 413, 417, 535, 541, 563, 565, 601
192	[No Paragraph Style]	a-Гхритачи  385, 601
193	[No Paragraph Style]	a-Дакша  587, 592, 594–595, 599, 601–602, 611, 613
194	[No Paragraph Style]	a-Данда  513
195	[No Paragraph Style]	a-Дандхумара  459
196	[No Paragraph Style]	a-сын Тришанку  459
197	[No Paragraph Style]	a-Дашаратха  4, 7–8, 10–12, 14, 18–22, 24, 26–28, 33, 35–37, 44, 51, 54, 61, 63–64, 66, 70–72, 75, 78–80, 82–84, 94–95, 99, 101, 104, 117, 126, 128, 138–139, 163–164, 168–170, 174, 177, 179–180, 182–183, 186, 188, 192–193, 196, 198–199, 203–204, 210, 217, 222–223, 225, 231, 233–234, 236–238, 243, 247, 251, 256, 264–267, 272–273, 282–283, 289, 296, 298, 301, 313, 317, 322–323, 327, 341, 343, 345, 350, 355–357, 364, 369, 372, 374–376, 381, 394–396, 399, 410, 415, 419, 428, 430, 436–438, 444–445, 448, 451, 456, 461, 463, 466, 470, 473, 488–489, 497–500, 502–505, 508–510, 512–514, 516–517, 523, 526, 528–531, 539, 541–543, 545, 547–548, 551, 554, 556, 559, 565–566, 570, 572–573, 575, 579, 581, 583–584, 589, 594, 596, 598–599, 601–604, 606–608, 610–615
198	[No Paragraph Style]	a-владыка Косалы=1  225, 402, 534
199	[No Paragraph Style]	a-потомок великого рода=1  16
200	[No Paragraph Style]	a-потомок Икшваку  15, 33, 74, 166, 175, 226, 229, 237, 304, 316, 595
201	[No Paragraph Style]	a-потомок Какутстхи  28–29, 79, 127–128, 178, 195, 211, 217, 221, 232, 235, 239, 252–253, 259, 364, 378, 412, 426, 431–432, 462, 464, 466, 502, 533, 588
202	[No Paragraph Style]	a-равный великому Индре=2  437
203	[No Paragraph Style]	a-Рагхава, или потомок Рагху  15, 17, 21–25, 35, 40–42, 45, 48–49, 55–56, 59–61, 64, 67, 71–72, 78, 80, 83, 86, 90–91, 97, 99, 101, 104, 106–107, 109–112, 122, 124–125, 128, 131, 134–138, 141–142, 147–149, 154, 156–158, 161, 164, 166, 168–171, 173, 177–178, 181–182, 185, 188, 192, 194–195, 197, 204, 207, 209–210, 215, 217–219, 221–223, 225, 227, 229–230, 232, 236–237, 242, 249, 252–256, 261–263, 267–269, 272, 275, 277, 279, 281, 287–288, 294, 296, 301–302, 311, 317, 319, 325, 328–330, 335, 344, 350, 355, 358, 361, 366–367, 373, 376–377, 380–381, 393, 398, 405–407, 410–411, 413, 415–416, 418–419, 422, 424–425, 430, 432–433, 437, 439, 441, 444–445, 448, 451, 462–464, 467–470, 476, 478, 480–482, 486, 489, 491, 533, 542, 566, 570, 588, 591, 593, 610
204	[No Paragraph Style]	a-царственный риши=3  21
205	[No Paragraph Style]	a-Двивида  601, 606
206	[No Paragraph Style]	a-Девамидха  601
207	[No Paragraph Style]	a-Деварата  601
208	[No Paragraph Style]	a-предок Джанаки  596, 599, 601, 605, 607–609, 613, 615
209	[No Paragraph Style]	a-царственный риши=4  21
210	[No Paragraph Style]	a-Джабали  303, 451, 453, 455, 458, 469, 584–586, 589, 601
211	[No Paragraph Style]	a-Джамадагни  515, 601, 611
212	[No Paragraph Style]	a-отец Рамы  601, 611
213	[No Paragraph Style]	a-потомок Бхригу=1  459, 601, 611
214	[No Paragraph Style]	a-Джамбават  601
215	[No Paragraph Style]	a-сын Брахмы  591, 601, 607, 609
216	[No Paragraph Style]	a-Джамбха  601
217	[No Paragraph Style]	a-Джанака=1  12, 138, 149, 152, 157, 182–183, 187, 193, 202, 257–258, 269, 300–301, 412, 432, 438, 486, 499, 521, 523, 592, 596, 599–603, 605–609, 612–616
218	[No Paragraph Style]	a-великий духом  11, 13, 20, 44, 55, 60, 75, 97, 112, 123, 133, 146, 163, 166, 189, 198, 200, 202, 207, 210, 219, 222, 227, 234, 237, 245, 263, 268, 289, 311, 314, 321–322, 325–326, 328, 330, 334–335, 340, 353, 355, 358, 363, 367–371, 373–374, 379–380, 392, 396, 413, 416, 426, 429, 431–432, 436–437, 440, 444, 457, 460, 463, 467, 470, 475, 478, 481, 487, 519, 533
219	[No Paragraph Style]	a-отец Ситы  499, 596, 599, 601, 603, 605, 607–609, 613, 615
220	[No Paragraph Style]	a-царь (владыка, государь) Видехи (Митхилы)  149, 300, 375, 486–487, 596, 599, 601–602, 605, 607–609
221	[No Paragraph Style]	a-Джанака=2  12, 138, 149, 152, 157, 182–183, 187, 193, 202, 257–258, 269, 300–301, 412, 432, 438, 486, 499, 521, 523, 592, 596, 599–603, 605–609, 612–616
222	[No Paragraph Style]	a-Джанамеджая  292, 547, 601
223	[No Paragraph Style]	a-сын Парикшита  547
224	[No Paragraph Style]	a-Джатаюс  602, 611
225	[No Paragraph Style]	a-Джахну  602
226	[No Paragraph Style]	a-Джая  602
227	[No Paragraph Style]	a-Джаянта  308, 602
228	[No Paragraph Style]	a-Дилипа  292, 357, 460, 562, 597, 602
229	[No Paragraph Style]	a-сын Аншумана  460, 602
230	[No Paragraph Style]	a-Дити  519, 602, 604, 607
231	[No Paragraph Style]	a-дочери Кушанабхи, или сто дочерей Кушанабхи  596
232	[No Paragraph Style]	a-Драупади  500, 604
233	[No Paragraph Style]	a-Дридханетра  602
234	[No Paragraph Style]	a-Дрона  597
235	[No Paragraph Style]	a-Друпада  604, 609
236	[No Paragraph Style]	a-Дундубхи  602
237	[No Paragraph Style]	a-Душана  602
238	[No Paragraph Style]	a-Дханвантари  602
239	[No Paragraph Style]	a-Дхарма  601–602
240	[No Paragraph Style]	a-Дхармапала  602
241	[No Paragraph Style]	a-Дхриштакету  602
242	[No Paragraph Style]	a-царственный риши=5  21
243	[No Paragraph Style]	a-Дхришти  602
244	[No Paragraph Style]	a-Дхрува  598
245	[No Paragraph Style]	a-Дхрувасандхи  459, 602
246	[No Paragraph Style]	a-Дхумрашва  602, 612
247	[No Paragraph Style]	a-сын Сучандры  602
248	[No Paragraph Style]	a-Дхундхумара  292, 603
249	[No Paragraph Style]	a-сын Тришанку  459
250	[No Paragraph Style]	a-Дьюматсена  149, 521, 603, 612
251	[No Paragraph Style]	a-отец Сатьявана  521, 603
252	[No Paragraph Style]	a-Икшваку  13, 15, 27, 33, 59, 67, 74, 157, 166, 175, 178, 200, 225–226, 229, 237, 268, 273, 304, 307, 316, 319, 329, 345, 355, 358, 360, 419, 458, 461, 513, 523, 529, 534, 550, 553–555, 575, 595, 599, 603, 605, 609
253	[No Paragraph Style]	a-внук Вивасвата  603
254	[No Paragraph Style]	a-Индра  8, 12–13, 22, 31, 34, 56, 75, 78–79, 83–84, 86, 90, 94, 99, 134, 177, 188, 190, 194, 200, 222, 241, 267, 278, 306–307, 310, 316, 320, 332–333, 346, 354, 374, 415, 437–439, 449–450, 455, 474, 497–501, 503, 505, 507–511, 516–517, 519, 524, 527–528, 544, 546, 551, 553, 555, 558, 562, 565, 567, 571, 579–580, 585, 594–596, 598–601, 603, 606–611, 614, 616
255	[No Paragraph Style]	a-Васава  21, 89, 131, 283, 447, 501, 511, 528, 598
256	[No Paragraph Style]	a-враг данавов  430, 579
257	[No Paragraph Style]	a-Губитель Балы, или Баласудана  596
258	[No Paragraph Style]	a-Губитель Паки  609
259	[No Paragraph Style]	a-Держатель ваджры  68, 89, 125, 290, 332, 508, 511
260	[No Paragraph Style]	a-Магхаван  427, 579, 606
261	[No Paragraph Style]	a-Махендра, или Великий Индра  7, 175, 497, 608
262	[No Paragraph Style]	a-Пакашасана, или Губитель Паки  609
263	[No Paragraph Style]	a-Парджанья  11, 155, 304, 523, 609
264	[No Paragraph Style]	a-Пурандара, или Сокрушитель крепостей, или Покоритель городов, или Разрушитель городов  13, 76, 399, 500, 510, 610
265	[No Paragraph Style]	a-супруг Шачи  10, 15, 85, 334, 499, 510, 555
266	[No Paragraph Style]	a-сын Кашьяпы=2  599–600
267	[No Paragraph Style]	a-сын Кашьяпы=3  599–600
268	[No Paragraph Style]	a-Тысячеглазый  12, 134
269	[No Paragraph Style]	a-царь (владыка, бык) тридцатки богов  93, 147, 159, 429, 438, 524, 580
270	[No Paragraph Style]	a-Шакра  11, 15, 30, 44, 84, 147, 181, 293, 307, 332–333, 344, 384–385, 408, 451, 487, 527, 558, 567, 616
271	[No Paragraph Style]	a-Шатакрату, или Вершитель ста жертвоприношений  356, 562, 585, 616
272	[No Paragraph Style]	a-Кабандха  603
273	[No Paragraph Style]	a-Кавья  603, 610, 617
274	[No Paragraph Style]	a-Венера  547, 574, 617
275	[No Paragraph Style]	a-сын Бхригу  603, 615, 617
276	[No Paragraph Style]	a-Ушанас  603
277	[No Paragraph Style]	a-Шукра  133, 295, 417, 513, 547, 574, 603, 610, 617
278	[No Paragraph Style]	a-Кайкейи  4, 34, 36–38, 40–41, 43–44, 46, 48–49, 51–52, 54–55, 57–58, 61–64, 66, 70–76, 80, 88, 95–102, 108, 111–112, 115, 119–120, 122–123, 127, 138, 155, 165–166, 169–172, 174, 178–186, 189, 198, 201–202, 204–206, 211, 222–223, 225, 237–239, 241, 246–248, 265, 268–269, 272–273, 275, 296, 300–303, 313–315, 321–323, 325–326, 330, 335–336, 341, 345, 348–349, 355, 361–362, 364, 367, 383, 386, 393–394, 406–407, 409, 416, 419, 421, 426, 435, 446, 448, 455, 464–466, 468, 497, 499, 502–507, 512–517, 520, 523, 525–527, 530, 535–537, 542–545, 551, 553–554, 563, 582–583, 596–597, 603, 605, 607, 617
279	[No Paragraph Style]	a-дочь царя Ашвапати  155, 523
280	[No Paragraph Style]	a-жена Дашаратхи  104, 395, 437, 513, 603
281	[No Paragraph Style]	a-криводушная  204, 530
282	[No Paragraph Style]	a-мать Бхараты  48, 68, 303, 349, 372, 497, 596
283	[No Paragraph Style]	a-Кайтабха  522
284	[No Paragraph Style]	a-Какутстха=1  28–29, 79, 127–128, 178, 195, 211, 217, 221, 226, 232, 235, 239, 252–253, 259, 364, 378, 411–412, 426, 431–432, 460, 462, 464–466, 502, 533, 588, 603, 613
285	[No Paragraph Style]	a-сын Викукши  458, 603
286	[No Paragraph Style]	a-Какутстха=2  28–29, 79, 127–128, 178, 195, 211, 217, 221, 226, 232, 235, 239, 252–253, 259, 364, 378, 411–412, 426, 431–432, 460, 462, 464–466, 502, 533, 588, 603, 613
287	[No Paragraph Style]	a-Калапа  160, 524, 603
288	[No Paragraph Style]	a-Калинди  255–257, 459–460, 539, 603
289	[No Paragraph Style]	a-Калмашапада  460, 587, 603, 609
290	[No Paragraph Style]	a-Саудаса  460, 587
291	[No Paragraph Style]	a-Кама  507, 595, 604, 606–607
292	[No Paragraph Style]	a-Ананга, или Бестелесный  595
293	[No Paragraph Style]	a-Кандарпа  604
294	[No Paragraph Style]	a-Мадана  606
295	[No Paragraph Style]	a-Манматха  54, 507, 607
296	[No Paragraph Style]	a-Канду  113, 515, 604
297	[No Paragraph Style]	a-сын риши Канвы  515
298	[No Paragraph Style]	a-Капила  604
299	[No Paragraph Style]	a-Катха  160, 524, 604
300	[No Paragraph Style]	a-Катьяяна  303, 604
301	[No Paragraph Style]	a-Каусалья, или Каушалья  8, 23, 26–27, 37, 39–40, 59, 62, 64, 66–67, 88, 91, 104–106, 110, 112–113, 115–116, 118, 126, 128–131, 133–136, 139, 155–156, 159–160, 168, 187, 191, 193, 197–198, 201, 203–204, 207, 210, 233–234, 238, 247–248, 257, 264–266, 268, 272–274, 277, 280–283, 294–296, 298–300, 313, 322, 325, 328, 331, 333, 335–336, 340, 343–344, 348, 361, 370, 372, 379, 381, 393–395, 419, 436–438, 484, 501–503, 509, 513–515, 517–519, 523–524, 529–531, 537, 542–545, 548, 551, 554–557, 563, 580, 592, 604
302	[No Paragraph Style]	a-дочь царя Косалы  299, 548
303	[No Paragraph Style]	a-жена (супруга) Дашаратхи  104, 395, 437, 513, 603–604
304	[No Paragraph Style]	a-мать Рагхавы  42
305	[No Paragraph Style]	a-мать Рамы  35, 62, 110, 134, 195–196, 203, 210, 233, 274, 280, 296, 313, 370, 508, 604, 611
306	[No Paragraph Style]	a-свекровь царевны Митхилы  190
307	[No Paragraph Style]	a-царица-мать  344, 448
308	[No Paragraph Style]	a-Кашьяпа=1  17, 22, 113, 303, 458, 515, 594, 596, 599–602, 604, 607, 609, 611
309	[No Paragraph Style]	a-Ариштанеми  596
310	[No Paragraph Style]	a-сын Маричи  17, 458, 604
311	[No Paragraph Style]	a-Кашьяпа=2  17, 22, 113, 303, 458, 515, 594, 596, 599–602, 604, 607, 609, 611
312	[No Paragraph Style]	a-Кету  502
313	[No Paragraph Style]	a-Кешини  605, 611
314	[No Paragraph Style]	a-Киртирата  605
315	[No Paragraph Style]	a-царственный риши=6  21
316	[No Paragraph Style]	a-Киртиратха  605
317	[No Paragraph Style]	a-Корова, исполняющая желания
318	[No Paragraph Style]	a-божественная корова  615
319	[No Paragraph Style]	a-Нандини  615
320	[No Paragraph Style]	a-Сурабхи  332–333, 555, 601, 615
321	[No Paragraph Style]	a-Шабала  615
322	[No Paragraph Style]	a-Кришашва  605
323	[No Paragraph Style]	a-Кришна  153, 598, 601, 604–606
324	[No Paragraph Style]	a-Васудева  598
325	[No Paragraph Style]	a-сын Васудевы  598
326	[No Paragraph Style]	a-Кубера  84, 133, 160, 177, 387, 412, 511, 519, 552, 567–568, 571, 573, 597–598, 600, 603, 605, 610, 615
327	[No Paragraph Style]	a-Вайшравана  79, 83, 88, 92, 307, 597
328	[No Paragraph Style]	a-владыка богатств  89, 511
329	[No Paragraph Style]	a-Кукши  458, 605
330	[No Paragraph Style]	a-сын Икшваку=2  458, 605, 609
331	[No Paragraph Style]	a-Кумбхакарна  600, 605
332	[No Paragraph Style]	a-брат Раваны=2  478, 599, 605–606
333	[No Paragraph Style]	a-Куша=1  596, 598, 600, 602, 604–606
334	[No Paragraph Style]	a-сын Брахмы  591, 601, 607, 609
335	[No Paragraph Style]	a-сын Праджапати=2  597
336	[No Paragraph Style]	a-Куша=2  596, 598, 600, 602, 604–606
337	[No Paragraph Style]	a-Кушадхваджа  606–607, 612, 616
338	[No Paragraph Style]	a-Кушамба  604, 606
339	[No Paragraph Style]	a-Кушанабха  596, 601, 606
340	[No Paragraph Style]	a-сын Куши  602, 606
341	[No Paragraph Style]	a-царственный риши=7  21
342	[No Paragraph Style]	a-Кушашва  606, 612
343	[No Paragraph Style]	a-сын Сахадевы  606
344	[No Paragraph Style]	a-Кхара  478–479, 602, 606
345	[No Paragraph Style]	a-младший брат Раваны  478, 606
346	[No Paragraph Style]	a-Лава  606
347	[No Paragraph Style]	a-Лакшмана  4, 14, 26–28, 39, 41, 69, 89–90, 102, 107, 110, 112, 114–116, 119, 121–122, 126, 154–161, 164–165, 168–169, 171, 182–183, 193–195, 197, 203, 205–209, 211–212, 215–217, 221, 223, 229, 231–233, 235, 238, 242–243, 245–249, 251, 253, 256–261, 267, 269–270, 273–275, 283, 302, 304, 312–314, 325–326, 328, 340, 342, 346–347, 350, 358, 361, 364, 368–369, 372–373, 376–377, 381–382, 394, 398, 400, 402, 404–406, 408–410, 412, 414–416, 426, 430, 432–433, 436–439, 448–450, 478, 481, 488–489, 491–492, 500, 504, 508, 513–514, 516–517, 525, 528, 530, 536–537, 539–540, 548, 551, 569–570, 572–574, 588, 601, 603, 606, 613–615
348	[No Paragraph Style]	a-брат Рамы=2  193, 273, 340, 359, 489, 597, 603, 607, 616
349	[No Paragraph Style]	a-младший брат Бхараты  257, 539
350	[No Paragraph Style]	a-младший брат Рамы  273, 489, 597, 616
351	[No Paragraph Style]	a-потомок Рагху  21, 49, 83, 86, 99, 106, 131, 135, 138, 147–148, 154, 156, 170–171, 178, 217, 232, 249, 252, 262, 311, 411, 416, 468, 481, 491, 610
352	[No Paragraph Style]	a-преданный брат Рамы  193
353	[No Paragraph Style]	a-сын Сумитры=1  16, 28, 41, 103, 116, 118–120, 154–158, 160, 214–215, 230, 235, 244–246, 248, 250–251, 258, 261, 334, 405–406, 409–410, 412, 450, 500, 532, 536
354	[No Paragraph Style]	a-услада матери Сумитры  102
355	[No Paragraph Style]	a-Мадху=1  522, 606
356	[No Paragraph Style]	a-Мадху=2  522, 606
357	[No Paragraph Style]	a-Мадхушпанда (Мадхучханда, Мадхучхандаса, Махишьянда, Махишпанда, Мадхушпанда)  606
358	[No Paragraph Style]	a-Майнда  601, 606
359	[No Paragraph Style]	a-Мандави  607
360	[No Paragraph Style]	a-Мандхатар  459, 607
361	[No Paragraph Style]	a-Мантхара=1  34–38, 40, 43, 46–50, 300, 345, 347–349, 435, 503–505, 559, 607
362	[No Paragraph Style]	a-Мантхара=2  34–38, 40, 43, 46–50, 300, 345, 347–349, 435, 503–505, 559, 607
363	[No Paragraph Style]	a-Ману  225, 318, 458, 498, 515, 534, 553, 556, 576, 578–579, 583–584, 586, 597, 599, 603, 607, 620
364	[No Paragraph Style]	a-отец Икшваку  553
365	[No Paragraph Style]	a-сын Вивасвата, или Вайвасвата  292, 295, 458, 546, 607
366	[No Paragraph Style]	a-хранитель мира  17, 245, 292, 546, 600, 608
367	[No Paragraph Style]	a-Марича  17, 458, 604, 607, 613–614
368	[No Paragraph Style]	a-сын Тараки  607
369	[No Paragraph Style]	a-Маричи  17, 458, 604, 607, 613–614
370	[No Paragraph Style]	a-сын Брахмы  591, 601, 607, 609
371	[No Paragraph Style]	a-Маркандея  303, 602, 607
372	[No Paragraph Style]	a-Диргхаюс  549, 602
373	[No Paragraph Style]	a-Мару=1  461, 607
374	[No Paragraph Style]	a-Мару=2  461, 607
375	[No Paragraph Style]	a-Матали  78, 194, 510, 528, 607
376	[No Paragraph Style]	a-возничий Индры  528
377	[No Paragraph Style]	a-советник Индры  510
378	[No Paragraph Style]	a-Маудгалья  303, 549, 608
379	[No Paragraph Style]	a-Махавира  608
380	[No Paragraph Style]	a-Махападма  608
381	[No Paragraph Style]	a-Махаратха  608
382	[No Paragraph Style]	a-Махароман  608
383	[No Paragraph Style]	a-Махидхрака  608
384	[No Paragraph Style]	a-Маходая  608
385	[No Paragraph Style]	a-Мегханада  603, 608
386	[No Paragraph Style]	a-Индраджит  600, 603, 608
387	[No Paragraph Style]	a-победитель Индры  603, 608
388	[No Paragraph Style]	a-сын Раваны  595, 600, 603, 608
389	[No Paragraph Style]	a-Мена  608
390	[No Paragraph Style]	a-Менака  608
391	[No Paragraph Style]	a-Митра  379, 565–566
392	[No Paragraph Style]	a-Митхи  608
393	[No Paragraph Style]	a-Мишракеши  385, 388, 608
394	[No Paragraph Style]	a-Мохини  608
395	[No Paragraph Style]	a-Набхага  461, 587, 608
396	[No Paragraph Style]	a-сын Нахуши=1  461, 502, 587, 617
397	[No Paragraph Style]	a-сын Яяти  587
398	[No Paragraph Style]	a-Нагадатта  385, 608
399	[No Paragraph Style]	a-Нала  608
400	[No Paragraph Style]	a-Налини, подруга Анасуи  402, 571, 591, 608
401	[No Paragraph Style]	a-Нандивардхана  609
402	[No Paragraph Style]	a-Нарада  132, 387, 609
403	[No Paragraph Style]	a-великий риши  251, 253, 255, 288, 307, 386, 391, 394, 414, 546, 595
404	[No Paragraph Style]	a-сын Брахмы  591, 601, 607, 609
405	[No Paragraph Style]	a-Нахуша  29, 292, 357, 461, 502, 562, 587, 609, 617
406	[No Paragraph Style]	a-сын Амбариши  461
407	[No Paragraph Style]	a-Никула  309, 550
408	[No Paragraph Style]	a-Нила  609
409	[No Paragraph Style]	a-Ними  601, 608–609
410	[No Paragraph Style]	a-Пака  609
411	[No Paragraph Style]	a-Прабхаса  598
412	[No Paragraph Style]	a-Правриддха  587, 603, 609
413	[No Paragraph Style]	a-сын Рагху  460, 587
414	[No Paragraph Style]	a-Прасенаджит  459, 609
415	[No Paragraph Style]	a-Пратиндхака  609
416	[No Paragraph Style]	a-Пратьюша  598
417	[No Paragraph Style]	a-Прахлада  596, 599
418	[No Paragraph Style]	a-Прашушрува, или Прашушрука  461, 587, 610
419	[No Paragraph Style]	a-Притхиви  610
420	[No Paragraph Style]	a-Земля  15, 17, 56, 125, 208, 376, 386, 396, 408, 434, 463
421	[No Paragraph Style]	a-Притху  459, 610
422	[No Paragraph Style]	a-Пуластья  600, 610
423	[No Paragraph Style]	a-Пулома  610
424	[No Paragraph Style]	a-мать Кавьи  610
425	[No Paragraph Style]	a-Пунарвасу  25
426	[No Paragraph Style]	a-Пундарика  388, 610
427	[No Paragraph Style]	a-Пуру  617
428	[No Paragraph Style]	a-Пушан  131, 610
429	[No Paragraph Style]	a-Равана  4, 7, 478, 497, 588, 595, 599–603, 605–608, 610, 614–615
430	[No Paragraph Style]	a-Дашагрива, или десятишеий  465, 588, 601
431	[No Paragraph Style]	a-сын Вишраваса  605, 610
432	[No Paragraph Style]	a-Рагхава  15, 17, 22–25, 35, 40–42, 45, 48–49, 59–61, 64, 67, 71–72, 78, 80, 83, 86, 90–91, 97, 101, 104, 106–107, 109–112, 122, 124–125, 128, 134, 136–137, 141–142, 147–149, 156–158, 161, 164, 166, 168–169, 171, 173, 177, 181–182, 185, 188, 192, 194–195, 197, 204, 207, 209–210, 215, 218–219, 221–223, 225, 227, 229–230, 236–237, 242, 249, 253–256, 261, 263, 267–269, 272, 275, 277, 279, 281, 287–288, 294, 296, 301–302, 317, 319, 325, 328–330, 335, 344, 350, 355, 358, 361, 366–367, 373, 376–377, 380–381, 393, 398, 405–407, 410, 413, 415, 418–419, 422, 424–425, 430, 432–433, 437, 439, 441, 444–445, 448, 451, 462–464, 467–470, 476, 478, 480–482, 486, 489, 491, 533, 542, 566, 570, 588, 591, 593, 610
433	[No Paragraph Style]	a-Рагхавы  24, 35, 40, 42, 59, 67, 78, 86, 101, 111, 156, 166, 181, 192, 195, 197, 207, 219, 221–222, 236, 269, 301–302, 373, 398, 448, 460, 467, 476, 482, 533, 570
434	[No Paragraph Style]	a-Рагху  14, 21, 49, 55–56, 76, 83, 86, 99, 106, 126, 131, 135, 138, 147–148, 154, 156, 170–171, 178, 217–218, 232, 245, 249, 252, 258, 262, 291, 300, 308, 310–311, 368, 382, 404, 411, 416, 460, 468–469, 481, 488, 491, 587, 589, 610
435	[No Paragraph Style]	a-сын Какутстхи=1  460, 613
436	[No Paragraph Style]	a-Рама=2  4, 7–8, 10–11, 13–49, 51, 55, 57–69, 71–76, 78–108, 110, 112–113, 115–116, 118, 122, 125–131, 133–136, 140–141, 143, 146–151, 154–155, 157–170, 175, 177–185, 187–189, 191–197, 199–200, 202–205, 207–227, 229–237, 239, 241–246, 249–258, 260–267, 269–280, 282–283, 294–296, 300–302, 304, 308, 312–314, 324–331, 333–337, 339–340, 342, 345, 347, 349–351, 357–364, 366–370, 372–378, 381–382, 387, 389, 394–395, 398–399, 402, 404–418, 426–427, 429, 431–441, 444, 447, 451, 453, 457–458, 461–470, 473–484, 488–492, 497–500, 502–505, 507–509, 511–520, 522–545, 547–548, 551, 554, 558–566, 569–570, 572–575, 578–582, 584, 586–591, 594–617, 620–621
437	[No Paragraph Style]	a-брат Лакшманы  14, 223, 243, 251, 273, 346–347
438	[No Paragraph Style]	a-верный своей цели  260, 540
439	[No Paragraph Style]	a-владыка Косалы=2  225, 402, 534
440	[No Paragraph Style]	a-Владыка мира  74, 78, 415
441	[No Paragraph Style]	a-любимец царя  127
442	[No Paragraph Style]	a-любимый людьми, или локарама  10, 17, 127, 199, 505, 542
443	[No Paragraph Style]	a-наследник рода Рагху  126
444	[No Paragraph Style]	a-потомок великого рода=2  16
445	[No Paragraph Style]	a-потомок Икшваку  33, 74, 166, 175, 226, 229, 237, 316, 595
446	[No Paragraph Style]	a-потомок Какутстхи  28–29, 79, 127–128, 178, 195, 211, 217, 221, 232, 235, 239, 252–253, 259, 364, 378, 412, 426, 431–432, 462, 464, 466, 502, 533, 588
447	[No Paragraph Style]	a-потомок славного рода  374
448	[No Paragraph Style]	a-потомок царственного рода  9
449	[No Paragraph Style]	a-Рагхава, или потомок Рагху  15, 17, 21–25, 35, 40–42, 45, 48–49, 59–61, 64, 67, 71–72, 78, 80, 83, 86, 90–91, 97, 99, 101, 104, 106–107, 109–112, 122, 124–125, 128, 131, 134–138, 141–142, 147–149, 154, 156–158, 161, 164, 166, 168–171, 173, 177–178, 181–182, 185, 188, 192, 194–195, 197, 204, 207, 209–210, 215, 217–219, 221–223, 225, 227, 229–230, 232, 236–237, 242, 249, 252–256, 261–263, 267–269, 272, 275, 277, 279, 281, 287–288, 294, 296, 301–302, 311, 317, 319, 325, 328–330, 335, 344, 350, 355, 358, 361, 366–367, 373, 376–377, 380–381, 393, 398, 405–407, 410–411, 413, 415–416, 418–419, 422, 424–425, 430, 432–433, 437, 439, 441, 444–445, 448, 451, 462–464, 467–470, 476, 478, 480–482, 486, 489, 491, 533, 542, 566, 570, 588, 591, 593, 610
450	[No Paragraph Style]	a-старший брат Бхараты  9, 16, 438, 498
451	[No Paragraph Style]	a-старший брат Лакшманы  14, 223, 251, 448
452	[No Paragraph Style]	a-сын Дашаратхи  94, 183, 196, 217, 222, 231, 233, 236, 243, 317, 341, 364, 369, 375, 381, 396, 399, 415, 438, 445, 456, 473, 579, 606, 610
453	[No Paragraph Style]	a-сын Каусальи  88, 556
454	[No Paragraph Style]	a-услада матери Каусальи  325, 381
455	[No Paragraph Style]	a-услада рода Рагху  368
456	[No Paragraph Style]	a-Хираньянабха, или “чей пупок сияет как золото”  335, 556
457	[No Paragraph Style]	a-Рама Джамадагнья  113, 515, 601, 610–611
458	[No Paragraph Style]	a-Джамадагнья  113, 515, 601, 610–611
459	[No Paragraph Style]	a-Парашурама, или Рама с топором  601, 610–611
460	[No Paragraph Style]	a-потомок Бхригу=2  459, 601, 611
461	[No Paragraph Style]	a-Рама=1  4, 7–8, 10–11, 13–49, 51, 55, 57–69, 71–76, 78–108, 110, 112–113, 115–116, 118, 122, 125–131, 133–136, 140–141, 143, 146–151, 154–155, 157–170, 175, 177–185, 187–189, 191–197, 199–200, 202–205, 207–227, 229–237, 239, 241–246, 249–258, 260–267, 269–280, 282–283, 294–296, 300–302, 304, 308, 312–314, 324–331, 333–337, 339–340, 342, 345, 347, 349–351, 357–364, 366–370, 372–378, 381–382, 387, 389, 394–395, 398–399, 402, 404–418, 426–427, 429, 431–441, 444, 447, 451, 453, 457–458, 461–470, 473–484, 488–492, 497–500, 502–505, 507–509, 511–520, 522–545, 547–548, 551, 554, 558–566, 569–570, 572–575, 578–582, 584, 586–591, 594–617, 620–621
462	[No Paragraph Style]	a-сын Джамадагни  601
463	[No Paragraph Style]	a-Рамбха  611
464	[No Paragraph Style]	a-Раху  25, 51, 167, 472, 501–502, 506, 525, 545, 611
465	[No Paragraph Style]	a-Раштравардхана  611
466	[No Paragraph Style]	a-Ренука  114, 515, 611
467	[No Paragraph Style]	a-Ричика  611–612
468	[No Paragraph Style]	a-потомок Бхригу=3  459, 601, 611
469	[No Paragraph Style]	a-Ришьяшринга  567, 599, 604, 611, 616, 620
470	[No Paragraph Style]	a-внук Кашьяпы  611
471	[No Paragraph Style]	a-сын Вибхандаки  611
472	[No Paragraph Style]	a-Ромапада, или Ломапада  611, 616
473	[No Paragraph Style]	a-Рохини  91, 472, 485, 511, 529, 592, 597, 611
474	[No Paragraph Style]	a-жена Чандры (Месяца)  91, 472, 511
475	[No Paragraph Style]	a-Савитри  149, 484, 521–522, 603, 612
476	[No Paragraph Style]	a-Сагара  113, 179–180, 229, 292, 460, 499, 515, 535, 587, 595–596, 603, 605, 611, 613
477	[No Paragraph Style]	a-потомок Какутстхи  28–29, 79, 127–128, 178, 195, 211, 217, 221, 232, 235, 239, 252–253, 259, 364, 378, 412, 426, 431–432, 462, 464, 466, 502, 533, 588
478	[No Paragraph Style]	a-Сампати  611
479	[No Paragraph Style]	a-Самудра  113, 515, 611
480	[No Paragraph Style]	a-владыка рек  74, 113, 244, 515
481	[No Paragraph Style]	a-Океан  62, 244, 467
482	[No Paragraph Style]	a-Санаткумара  611
483	[No Paragraph Style]	a-Сатьяван  149, 521–522, 603, 612
484	[No Paragraph Style]	a-сын Дьюматсены  149
485	[No Paragraph Style]	a-Сатьявати  604, 611–612
486	[No Paragraph Style]	a-Каушики  604, 612
487	[No Paragraph Style]	a-сестра Вишвамитры  604, 612
488	[No Paragraph Style]	a-Сахадева  606, 612
489	[No Paragraph Style]	a-Сварнароман  612
490	[No Paragraph Style]	a-Сиддхартха=2  180–181, 308, 597, 612
491	[No Paragraph Style]	a-Синхика  612
492	[No Paragraph Style]	a-Сита  4, 26–29, 31, 65, 87–89, 91, 100, 102, 115, 136–138, 143–146, 149, 151–154, 157–159, 163–164, 169, 173, 182–187, 190–191, 193–195, 197, 203, 205, 208–209, 212, 214–215, 217, 221–222, 225, 232–233, 236, 238, 242–246, 248–249, 251–257, 259–260, 267, 270, 273–277, 300, 325–326, 334, 369, 371–373, 375, 382, 399, 402, 404–406, 408, 412, 415–416, 430, 432, 438, 449, 468, 478, 481–482, 485–486, 489–492, 499, 502, 504, 508, 514, 519–525, 528, 530–531, 536, 539, 543, 569, 573, 583, 592, 596, 599, 601, 603, 605, 607–609
493	[No Paragraph Style]	a-дочь Джанаки (царя Видехи)  138, 149, 152, 182–183, 187, 193, 202, 257–258, 269, 412, 432, 438
494	[No Paragraph Style]	a-супруга (жена) Рамы  39, 91, 375, 438, 489, 504, 612
495	[No Paragraph Style]	a-царевна Видехи (Митхилы)  27, 29, 32, 65, 107, 136, 139–140, 148–149, 159, 163, 168–169, 184, 187, 190, 207–208, 215, 237–238, 244, 251, 256–257, 259, 270, 273, 275–277, 375–376, 402, 404, 410, 431, 434, 450, 478, 481–486, 490–491, 502, 508, 543, 592
496	[No Paragraph Style]	a-Сканда  132, 604–605
497	[No Paragraph Style]	a-Картикея, или Карттикея  604–605
498	[No Paragraph Style]	a-Кумара  605
499	[No Paragraph Style]	a-Сома=1  79, 83, 132–133, 385, 455, 511, 529, 567, 585, 592, 597–598, 601, 611–612
500	[No Paragraph Style]	a-Сома=2  79, 83, 132–133, 385, 455, 511, 529, 567, 585, 592, 597–598, 601, 611–612
501	[No Paragraph Style]	a-Сомада  612, 614
502	[No Paragraph Style]	a-дочь Урмилы  612
503	[No Paragraph Style]	a-Сомадатта  603, 612
504	[No Paragraph Style]	a-Сринджая  612
505	[No Paragraph Style]	a-Субаху  531, 612–613
506	[No Paragraph Style]	a-сын Тимидхваджи  208, 531
507	[No Paragraph Style]	a-Суврата  461, 587, 612
508	[No Paragraph Style]	a-Сугрива  4, 597, 605–606, 609, 611, 613–616
509	[No Paragraph Style]	a-сын бога Солнца  546, 613
510	[No Paragraph Style]	a-царь обезьян  595, 597, 613, 615
511	[No Paragraph Style]	a-Судамана  309, 613
512	[No Paragraph Style]	a-Сударшана  461, 613
513	[No Paragraph Style]	a-сын Шанкханы  461
514	[No Paragraph Style]	a-Судханван=1  419, 575, 613
515	[No Paragraph Style]	a-Судханван=2  419, 575, 613
516	[No Paragraph Style]	a-Судхрити  613
517	[No Paragraph Style]	a-Сукету=1  613
518	[No Paragraph Style]	a-Сукету=2  613
519	[No Paragraph Style]	a-царственный риши=8  21
520	[No Paragraph Style]	a-Сумантра  20–21, 24, 77–80, 82–89, 166–168, 174, 178, 189, 194, 197, 213, 215, 217, 229, 231, 236–239, 241, 243, 245–246, 262–267, 272, 274, 346, 355, 358–359, 365, 398, 413, 417, 432, 463, 501, 510–511, 528–529, 533, 541–543, 562–564, 570, 613
521	[No Paragraph Style]	a-сведущий в советах  83, 358, 562
522	[No Paragraph Style]	a-Сумати=1  611, 613
523	[No Paragraph Style]	a-сын Какутстхи=2  460, 613
524	[No Paragraph Style]	a-Сумати=2  611, 613
525	[No Paragraph Style]	a-Сумитра  16, 26–28, 41, 59, 65, 67, 102–103, 115–116, 118–120, 154–158, 160, 193, 207, 210, 214–215, 230, 234–235, 239, 244–251, 257–258, 261, 296, 298, 313, 328, 331, 334–335, 361, 379, 393–394, 405–406, 409–410, 412, 419, 436, 450, 500, 502, 508–509, 513, 517, 528, 531–532, 536, 551, 563, 606, 613, 616
526	[No Paragraph Style]	a-Сунда  613–614
527	[No Paragraph Style]	a-Супрабха  613
528	[No Paragraph Style]	a-Сура  598, 613
529	[No Paragraph Style]	a-Сураштра  613
530	[No Paragraph Style]	a-Сурья, или Солнце  25, 56, 79, 83, 133, 207–208, 255, 257, 284, 360, 417, 501–502, 539, 599, 613
531	[No Paragraph Style]	a-Вивасват  292, 295, 458, 546, 553, 599, 603, 607
532	[No Paragraph Style]	a-отец Ману  599
533	[No Paragraph Style]	a-Таркшья=2  440, 581, 614
534	[No Paragraph Style]	a-Сусандхи  459, 613
535	[No Paragraph Style]	a-Сутикшна  613
536	[No Paragraph Style]	a-Сучандра  602, 613
537	[No Paragraph Style]	a-Сушена  614
538	[No Paragraph Style]	a-Суяджня  158–159, 523, 549, 575, 614
539	[No Paragraph Style]	a-сын Васиштхи  158, 523, 575, 603, 609, 614
540	[No Paragraph Style]	a-сыновья (сыны) Вишвамитры  602, 606, 608, 615
541	[No Paragraph Style]	a-сыновья (сыны) Дашаратхи  256, 488, 497, 504, 539
542	[No Paragraph Style]	a-сыновья (сыны) Сагары  113, 515
543	[No Paragraph Style]	a-Тара=1  597, 614
544	[No Paragraph Style]	a-Тара=2  597, 614
545	[No Paragraph Style]	a-Тара=3  597, 614
546	[No Paragraph Style]	a-Тарака (Татака)  607, 612–614
547	[No Paragraph Style]	a-Тваштар  384, 566, 614
548	[No Paragraph Style]	a-Тилоттама  613
549	[No Paragraph Style]	a-Тимидхваджа  44, 208, 505, 531, 614
550	[No Paragraph Style]	a-Триджата  161–162, 524, 550, 614
551	[No Paragraph Style]	a-Триджата Гаргья  162, 614
552	[No Paragraph Style]	a-Тришанку  199, 459, 529, 587, 614
553	[No Paragraph Style]	a-государь Айодхьи  169
554	[No Paragraph Style]	a-потомок Икшваку  33, 74, 166, 175, 226, 229, 237, 316, 459, 595, 601, 611
555	[No Paragraph Style]	a-Сатьяврата  587
556	[No Paragraph Style]	a-Триширас  614
557	[No Paragraph Style]	a-Тумбуру  385, 387, 614
558	[No Paragraph Style]	a-Удавасу  614
559	[No Paragraph Style]	a-Ума  600, 603–604, 608–609, 612, 614–616
560	[No Paragraph Style]	a-жена Шивы  614
561	[No Paragraph Style]	a-Парвати  600, 603, 609
562	[No Paragraph Style]	a-Упасунда  613
563	[No Paragraph Style]	a-Урмила=1  489, 593, 612, 614
564	[No Paragraph Style]	a-Урмила=2  489, 593, 612, 614
565	[No Paragraph Style]	a-сестра Ситы  614
566	[No Paragraph Style]	a-Уччайхшравас  614
567	[No Paragraph Style]	a-конь Индры  614
568	[No Paragraph Style]	a-Хавишпанда  615
569	[No Paragraph Style]	a-Хануман  4, 595, 599–600, 606, 612, 615
570	[No Paragraph Style]	a-Харьяшва  615
571	[No Paragraph Style]	a-Хаха  384, 615
572	[No Paragraph Style]	a-Хема  385, 615
573	[No Paragraph Style]	a-Хемачандра  613, 615
574	[No Paragraph Style]	a-Химават  65, 367, 412, 468, 600, 608, 614–615
575	[No Paragraph Style]	a-Царь гор  615
576	[No Paragraph Style]	a-Храсвароман  615
577	[No Paragraph Style]	a-Хуху  384, 615
578	[No Paragraph Style]	a-Чандра, или Луна, или Месяц  15, 25, 56, 88, 91, 417, 467, 472, 485, 502, 511, 592, 615
579	[No Paragraph Style]	a-Читраратха=1  160, 515, 552, 615–616
580	[No Paragraph Style]	a-Читраратха=2  160, 515, 552, 615–616
581	[No Paragraph Style]	a-Чулин  615
582	[No Paragraph Style]	a-Чьявана  459, 615
583	[No Paragraph Style]	a-великий риши  251, 253, 255, 288, 307, 386, 391, 394, 414, 546, 595
584	[No Paragraph Style]	a-потомок Бхригу=4  459, 601, 611
585	[No Paragraph Style]	a-Шабари  616
586	[No Paragraph Style]	a-Шакунтала  608
587	[No Paragraph Style]	a-Шамбара  44, 47, 505, 531, 614, 616
588	[No Paragraph Style]	a-враг Индры  616
589	[No Paragraph Style]	a-Шанкхана  460–461
590	[No Paragraph Style]	a-Шанта  616
591	[No Paragraph Style]	a-Шантри  603, 609
592	[No Paragraph Style]	a-Шарабха  146, 521, 616
593	[No Paragraph Style]	a-Шарабханга  616
594	[No Paragraph Style]	a-Шатананда  600, 616
595	[No Paragraph Style]	a-Шатругхна  7, 39, 41, 96, 139, 184, 214, 233, 249, 304, 308, 313, 315–316, 334–335, 345–349, 354–355, 367, 370–371, 377–379, 394, 397, 408, 411, 413–414, 417, 430–431, 450, 468–469, 475, 497, 504, 508, 520, 536, 548, 559, 569–570, 579–580, 588, 592, 606, 613, 616
596	[No Paragraph Style]	a-брат Рамы=3  193, 273, 340, 359, 489, 597, 603, 607, 616
597	[No Paragraph Style]	a-всегда побеждающий недругов  7, 497
598	[No Paragraph Style]	a-младший брат Лакшманы  346–347
599	[No Paragraph Style]	a-сын Сумитры=2  16, 28, 41, 103, 116, 118–120, 154–158, 160, 214–215, 230, 235, 244–246, 248, 250–251, 258, 261, 334, 405–406, 409–410, 412, 450, 500, 532, 536
600	[No Paragraph Style]	a-Шатрунджая  86, 410, 573
601	[No Paragraph Style]	a-Шачи  10, 15, 85, 334, 399, 499, 510, 555, 616
602	[No Paragraph Style]	a-Шашабинду  459, 616
603	[No Paragraph Style]	a-Шеша  598
604	[No Paragraph Style]	a-Шиби  62, 74, 292, 507, 541, 616
605	[No Paragraph Style]	a-Шива  79, 83, 135, 229, 535, 571, 596–597, 600, 603–604, 608–609, 611–612, 614–616, 619
606	[No Paragraph Style]	a-Благой=2  78, 137, 176, 290, 393, 519
607	[No Paragraph Style]	a-Бхава  571, 597
608	[No Paragraph Style]	a-Бхима  597
609	[No Paragraph Style]	a-Вечный=3  432, 497, 611
610	[No Paragraph Style]	a-владыка богов=3  93, 147, 429, 438, 580
611	[No Paragraph Style]	a-владыка миров=3  133
612	[No Paragraph Style]	a-Махадева  608
613	[No Paragraph Style]	a-Махешвара  447, 608
614	[No Paragraph Style]	a-Пашупати  609
615	[No Paragraph Style]	a-Рудра  261, 611
616	[No Paragraph Style]	a-Хара  615
617	[No Paragraph Style]	a-Шанкара  616
618	[No Paragraph Style]	a-Шигхрага  461, 616
619	[No Paragraph Style]	a-сын Агниварны  461
620	[No Paragraph Style]	a-Шри  256, 314, 351, 486, 539, 551, 559, 606, 616
621	[No Paragraph Style]	a-Восседающая на лотосе  351, 559
622	[No Paragraph Style]	a-жена Вишну  531
623	[No Paragraph Style]	a-Лакшми  208, 528, 531, 616
624	[No Paragraph Style]	a-Шрутакирти  616
625	[No Paragraph Style]	a-Шунака  617
626	[No Paragraph Style]	a-Шунахшепа  611, 617
627	[No Paragraph Style]	a-Шурпанакха  600, 602, 617
628	[No Paragraph Style]	a-сестра Раваны  602
629	[No Paragraph Style]	a-Шьяма  255, 257, 539
630	[No Paragraph Style]	a-Юванашва  459, 617
631	[No Paragraph Style]	a-Юдхаджит=1  315, 322, 355, 497, 551, 562, 617
632	[No Paragraph Style]	a-брат матери Бхараты  497
633	[No Paragraph Style]	a-дядя Бхараты  562
634	[No Paragraph Style]	a-сын царя (государя) Кекаи  617
635	[No Paragraph Style]	a-Юдхаджит=2  315, 322, 355, 497, 551, 562, 617
636	[No Paragraph Style]	a-Яду  617
637	[No Paragraph Style]	a-Яма  11, 49, 66, 89, 109, 133, 188, 274, 292, 294, 307, 325, 433, 506, 514, 521, 539, 545–546, 551, 567, 580, 595, 599, 602–603, 608, 611, 617
638	[No Paragraph Style]	a-Антака  109, 514, 595
639	[No Paragraph Style]	a-бог смерти  111, 506, 514, 521, 545–546, 551, 595, 603, 611, 617
640	[No Paragraph Style]	a-Дхармараджа  291–292, 546, 602
641	[No Paragraph Style]	a-Кала  603
642	[No Paragraph Style]	a-сын Вивасвата  292, 295, 458, 546, 607
643	[No Paragraph Style]	a-Ямуна  81, 250–251, 255, 257–258, 317, 441, 471, 510, 538–539, 566, 569, 603, 605, 610, 617
644	[No Paragraph Style]	a-дочь Солнца  255, 257, 539
645	[No Paragraph Style]	a-Яяти  29, 70, 115, 118, 267, 345, 502, 509, 516, 541, 587, 617
646	[No Paragraph Style]	a-сын Нахуши=2  461, 502, 587, 617
647	Общее название указателя	Указатель географических названий
648	[No Paragraph Style]	b-Абхикала  550
649	[No Paragraph Style]	b-Айладхана  552
650	[No Paragraph Style]	b-Айодхья  193, 200, 205, 224, 226, 230, 233, 249, 272, 275, 302, 318, 403, 431, 471, 474, 528, 594
651	[No Paragraph Style]	b-Акурвати  316, 552
652	[No Paragraph Style]	b-Амаравати  503, 510, 553, 595
653	[No Paragraph Style]	b-город Индры  354
654	[No Paragraph Style]	b-Анга  54, 595
655	[No Paragraph Style]	b-Аншудхана  552
656	[No Paragraph Style]	b-Апаратала  596
657	[No Paragraph Style]	b-ашрама  582–583
658	[No Paragraph Style]	b-Бахлика  550, 596
659	[No Paragraph Style]	b-Бинду  596
660	[No Paragraph Style]	b-Бхаратаварша  601
661	[No Paragraph Style]	b-Бхарунда  552
662	[No Paragraph Style]	b-Бхогавати  415, 574, 597
663	[No Paragraph Style]	b-Бхригупрасравана  597
664	[No Paragraph Style]	b-Бхригутунга  597
665	[No Paragraph Style]	b-Вайджаянта  505
666	[No Paragraph Style]	b-Вайкунтха  528
667	[No Paragraph Style]	b-Ванаю  598
668	[No Paragraph Style]	b-Ванга  54, 598
669	[No Paragraph Style]	b-Варутха  553
670	[No Paragraph Style]	b-Васваукасара  571, 598
671	[No Paragraph Style]	b-Васумати  599
672	[No Paragraph Style]	b-Ватса  537
673	[No Paragraph Style]	b-Ведашрути  225, 534, 599
674	[No Paragraph Style]	b-Видарбха  599
675	[No Paragraph Style]	b-Видеха  599
676	[No Paragraph Style]	b-Виндхья  508, 599, 611
677	[No Paragraph Style]	b-Випаша  550, 599
678	[No Paragraph Style]	b-Вираматсья  552
679	[No Paragraph Style]	b-Вишала=1  599
680	[No Paragraph Style]	b-Вишала=2  599
681	[No Paragraph Style]	b-Вишнупада  550, 600
682	[No Paragraph Style]	b-Гандхамадана  538, 600
683	[No Paragraph Style]	b-Гая  583, 600
684	[No Paragraph Style]	b-Гималаи  467
685	[No Paragraph Style]	b-Гиривраджа  600
686	[No Paragraph Style]	b-Гокарна  600
687	[No Paragraph Style]	b-Гомати  225, 317, 534, 553, 600
688	[No Paragraph Style]	b-Грихи  316, 551
689	[No Paragraph Style]	b-Дандака  101, 326, 513, 590, 601
690	[No Paragraph Style]	b-Дардура  510, 567, 601
691	[No Paragraph Style]	b-Джамбудвипа  601
692	[No Paragraph Style]	b-Джамбупрастха  553
693	[No Paragraph Style]	b-Джанастхана  590, 602
694	[No Paragraph Style]	b-Дравида  54, 602
695	[No Paragraph Style]	b-Дхармавардхана  552, 602
696	[No Paragraph Style]	b-Дхармаранья  602
697	[No Paragraph Style]	b-Икшумати  309, 550, 603
698	[No Paragraph Style]	b-Индия  601, 612
699	[No Paragraph Style]	b-Индрашира  551
700	[No Paragraph Style]	b-Иравата  551
701	[No Paragraph Style]	b-Кайласа  84, 603, 607
702	[No Paragraph Style]	b-Калинганагара  553, 603
703	[No Paragraph Style]	b-Калинди  255–257, 459–460, 539, 603
704	[No Paragraph Style]	b-Камбоджа  604
705	[No Paragraph Style]	b-Кампилья  604
706	[No Paragraph Style]	b-Капивати  317, 553, 604
707	[No Paragraph Style]	b-Карманаса  604
708	[No Paragraph Style]	b-Каруша  604
709	[No Paragraph Style]	b-кауравы  605
710	[No Paragraph Style]	b-Каушамби  537, 604, 606
711	[No Paragraph Style]	b-Каушики  604, 612
712	[No Paragraph Style]	b-Каши  54, 508, 595, 604
713	[No Paragraph Style]	b-кекаи  12, 499, 603, 617
714	[No Paragraph Style]	b-Кекая  605
715	[No Paragraph Style]	b-Кишкиндха  605
716	[No Paragraph Style]	b-Косала, или Кошала  605
717	[No Paragraph Style]	b-Кулинга  550, 552, 605
718	[No Paragraph Style]	b-Куру  385, 549–550, 567, 605, 615
719	[No Paragraph Style]	b-Куруджангала  550, 605
720	[No Paragraph Style]	b-Кутика  553
721	[No Paragraph Style]	b-Кутикоштика  552
722	[No Paragraph Style]	b-Кушаплава  606
723	[No Paragraph Style]	b-Лохитья  553
724	[No Paragraph Style]	b-Магадха  54, 606
725	[No Paragraph Style]	b-Магадхи  600, 606, 610, 613
726	[No Paragraph Style]	b-Майнака  606
727	[No Paragraph Style]	b-Малада  606
728	[No Paragraph Style]	b-Малая  567, 606
729	[No Paragraph Style]	b-Мальявати  262, 541
730	[No Paragraph Style]	b-Манаса  571, 607
731	[No Paragraph Style]	b-Мандакини  393, 397, 402–404, 414–415, 433, 436, 440, 444, 469, 541, 568, 571–572
732	[No Paragraph Style]	b-Мандара  607
733	[No Paragraph Style]	b-Матсья  54, 607, 619
734	[No Paragraph Style]	b-Махендра  175, 608
735	[No Paragraph Style]	b-Маходая  608
736	[No Paragraph Style]	b-Меру  22, 79, 84, 86, 90, 195, 328, 375, 529, 554, 595, 601, 608–609
737	[No Paragraph Style]	b-Кедарнатх  608
738	[No Paragraph Style]	b-Митхила  608
739	[No Paragraph Style]	b-Налини  402, 571, 591, 608
740	[No Paragraph Style]	b-Нандана  549, 596, 609
741	[No Paragraph Style]	b-Нандиграма  609
742	[No Paragraph Style]	b-нишады  365, 378, 563
743	[No Paragraph Style]	b-обитель  49, 66, 110, 162, 188, 251, 256, 274, 289, 292, 294, 384, 392, 413, 454, 469, 479–480, 506, 517, 538, 540, 545, 564, 566, 573, 585, 591, 597, 606, 614
744	[No Paragraph Style]	b-обитель Бхарадваджи  469
745	[No Paragraph Style]	b-обитель Бхригу  597
746	[No Paragraph Style]	b-обитель Вальмики  540, 614
747	[No Paragraph Style]	b-обитель Рамы  413, 573
748	[No Paragraph Style]	b-обитель Триджаты  162
749	[No Paragraph Style]	b-обитель Ямы  49, 66, 188, 274, 292, 294, 506
750	[No Paragraph Style]	b-Павани  609
751	[No Paragraph Style]	b-Пампа  609
752	[No Paragraph Style]	b-пандавы  605
753	[No Paragraph Style]	b-Панчала  549, 609
754	[No Paragraph Style]	b-Прагвата  552
755	[No Paragraph Style]	b-Праламба  609
756	[No Paragraph Style]	b-Праяга  510, 538, 566, 610
757	[No Paragraph Style]	b-Аллахабад  510, 538, 566, 610
758	[No Paragraph Style]	b-Пушкары, или Пушкара  610
759	[No Paragraph Style]	b-Раджагриха  504, 610
760	[No Paragraph Style]	b-Рикшавата  611
761	[No Paragraph Style]	b-Ришьямука  611
762	[No Paragraph Style]	b-Санкашья  612
763	[No Paragraph Style]	b-Сарасвати  316, 552, 612
764	[No Paragraph Style]	b-Сараю  162, 180, 226, 284, 286, 288–289, 343, 403, 557, 594, 607, 612
765	[No Paragraph Style]	b-Сарватиртха  553
766	[No Paragraph Style]	b-Саувира  54, 612
767	[No Paragraph Style]	b-Саугандхика  571
768	[No Paragraph Style]	b-Саураштра  54, 612
769	[No Paragraph Style]	b-Синдху  54, 612
770	[No Paragraph Style]	b-Сита  26–27, 29, 65, 88–89, 91, 136–138, 143–146, 152–154, 158–159, 163–164, 169, 182–187, 191, 193–195, 197, 215, 222, 233, 243–245, 249, 251, 253, 255–257, 260, 267, 270, 274–277, 300, 325, 369, 372–373, 375, 402, 404, 432, 438, 468, 478, 482, 485–486, 490–491, 502, 508, 514, 520, 522, 524–525, 531, 543, 569, 601, 612, 615
771	[No Paragraph Style]	b-Стханумати  317, 553
772	[No Paragraph Style]	b-Судама  552, 613
773	[No Paragraph Style]	b-Судаман  550, 613
774	[No Paragraph Style]	b-Судхарма  355, 562
775	[No Paragraph Style]	b-Сумагадхи  606, 613
776	[No Paragraph Style]	b-Сучакшу  613
777	[No Paragraph Style]	b-Сьяндика  534, 614
778	[No Paragraph Style]	b-Тамаса  213, 614
779	[No Paragraph Style]	b-Теджобхибхавана  550
780	[No Paragraph Style]	b-Торана  552
781	[No Paragraph Style]	b-Удджихана  553
782	[No Paragraph Style]	b-Уттарага  553
783	[No Paragraph Style]	b-Уттара-куру  614
784	[No Paragraph Style]	b-хайхаи  459
785	[No Paragraph Style]	b-Хастинапура  549, 615
786	[No Paragraph Style]	b-Хастиприштака  553
787	[No Paragraph Style]	b-Хладини  316, 615
788	[No Paragraph Style]	b-Чайтраратха  552, 567–568
789	[No Paragraph Style]	b-Читракута  393, 397, 399, 401, 412, 434, 540, 561, 570, 615
790	[No Paragraph Style]	b-Шалмали  309, 550, 616
791	[No Paragraph Style]	b-Шараданда  550, 616
792	[No Paragraph Style]	b-Шатадру  316, 550, 552, 616
793	[No Paragraph Style]	b-Шилаваха  552, 616
794	[No Paragraph Style]	b-Шона  604, 606, 616
795	[No Paragraph Style]	b-Шрингавера  535, 616
796	[No Paragraph Style]	b-Экасала  553, 617
797	Общее название указателя	Предметно-терминологический указатель
798	[No Paragraph Style]	c-агнихотра  538, 575
799	[No Paragraph Style]	c-ад  113, 151, 187, 330–331, 358, 427, 449–450, 454, 515, 584
800	[No Paragraph Style]	c-адхикриты  561
801	[No Paragraph Style]	c-акаша (пустое пространство, эфир)  458, 587
802	[No Paragraph Style]	c-алтарь  48, 75, 133, 145, 158, 201, 415–416, 486, 490, 538, 540, 560, 580, 592
803	[No Paragraph Style]	c-анвикшики  576
804	[No Paragraph Style]	c-апсара, апсары  53, 228, 388, 567, 594, 600–601, 608, 610–613
805	[No Paragraph Style]	c-арии  21, 501, 508, 518
806	[No Paragraph Style]	c-атман  549, 555, 577
807	[No Paragraph Style]	c-ашвамедха  419
808	[No Paragraph Style]	c-ашрамы  582–583
809	[No Paragraph Style]	c-брахмачарья, ученик  427, 524, 536, 582–583
810	[No Paragraph Style]	c-ванапрастха, отшельник  57, 107, 121, 130, 132, 144–145, 177, 182, 188, 218, 242, 285–286, 290, 345, 409, 416, 439, 459, 477, 480, 499, 512, 518, 521–522, 535, 538, 546, 583, 599, 607, 611, 613, 616
811	[No Paragraph Style]	c-грихастха, гархастха, домохозяин  446, 582–583
812	[No Paragraph Style]	c-саньяса, аскет  100, 107, 113, 189, 231, 242–243, 285–286, 288–290, 294, 327, 415, 446, 451, 521, 536, 543, 545, 547, 574, 582–583
813	[No Paragraph Style]	c-аюрведа  602
814	[No Paragraph Style]	c-бали  75, 509, 519, 596, 598
815	[No Paragraph Style]	c-барабан  12, 354, 561, 602
816	[No Paragraph Style]	c-белый зонт  13, 19, 103, 410, 499
817	[No Paragraph Style]	c-брахман, брахманы  8–9, 13–14, 16, 18–20, 25, 35, 73, 77, 79, 81, 89, 129, 134, 137, 147–148, 153, 157–163, 167, 175, 206, 211–212, 244, 278, 292, 304–305, 307, 309, 314, 318, 326, 344, 355, 362, 379–380, 411, 419, 422–424, 451, 456–457, 498, 500–501, 511, 519, 521, 523, 532, 537, 549, 558, 566, 578, 580, 584, 610
818	[No Paragraph Style]	c-брахмачарин  562
819	[No Paragraph Style]	c-буддхи  576
820	[No Paragraph Style]	c-бхуты  56, 135, 507–508
821	[No Paragraph Style]	c-бытие  444, 571, 582
822	[No Paragraph Style]	c-вадава, или бадава  542
823	[No Paragraph Style]	c-сын Аурвы  542
824	[No Paragraph Style]	c-вадака  511
825	[No Paragraph Style]	c-ваджапея  532
826	[No Paragraph Style]	c-вайдья (умник, ученый, врач)  4, 159, 421, 424, 575
827	[No Paragraph Style]	c-ванара (рикша, гопучха, голангула)  611
828	[No Paragraph Style]	c-варны  94, 446, 516, 546, 582, 610
829	[No Paragraph Style]	c-брахманы  8–9, 13–14, 16, 18–20, 25, 35, 73, 77, 79, 81, 83, 89, 105, 129, 134, 137, 147–148, 153, 157–163, 167, 175, 206, 211–213, 243–244, 278, 292, 303–305, 307, 309, 314, 318, 326, 343–344, 355, 360, 362, 379–380, 411, 419, 422–424, 451, 456–457, 475, 491, 498, 500–501, 511, 515, 519, 521, 523, 532, 537, 549, 557–558, 566, 576, 578, 580, 584, 586, 588, 610
830	[No Paragraph Style]	c-вайшьи  287, 360, 422, 546–547
831	[No Paragraph Style]	c-кшатрии  47, 243, 279, 289–290, 294, 306, 355, 360, 422, 498, 500, 511, 515, 537, 549, 558, 582, 610–611
832	[No Paragraph Style]	c-шудры  287, 546–547
833	[No Paragraph Style]	c-васу  598–599
834	[No Paragraph Style]	c-вахана  600
835	[No Paragraph Style]	c-веданги  9, 16, 78
836	[No Paragraph Style]	c-веды  9, 16, 74, 78, 105, 129, 134, 137, 213, 292, 318, 513, 518, 521, 534, 562, 576–577, 582–583, 597, 599, 609, 611–612
837	[No Paragraph Style]	c-Атхарваведа  568
838	[No Paragraph Style]	c-Ригведа  505, 515, 568, 571, 583, 591, 594–602, 607, 610, 612, 615, 617, 619–620
839	[No Paragraph Style]	c-Самаведа  343, 557
840	[No Paragraph Style]	c-верхний мир (небо)  8, 11, 22, 25, 31, 50–52, 56, 70–72, 75–76, 85–86, 93–94, 107, 113, 115, 118, 129, 132, 135, 141–142, 151–154, 164, 168, 172, 185, 190, 195, 199, 203, 220, 223–224, 228, 249, 253, 275, 284, 290, 293–295, 300, 302–304, 306, 317, 323, 330–331, 342, 345, 348, 350, 354, 356–357, 362, 366, 379, 385–389, 391, 394, 396–399, 401, 405, 417, 426, 428–432, 434–435, 437, 440–441, 443, 451, 453–456, 459, 466, 472–473, 475, 483, 485, 487, 490, 499, 502, 506, 509–510, 516–517, 520, 522, 525, 535, 539, 541, 543, 546–547, 562, 564, 568, 587, 589, 592, 595, 608–609, 611–612, 614, 616
841	[No Paragraph Style]	c-видьядхары  400, 570–571
842	[No Paragraph Style]	c-вина  111, 181, 338, 382, 384–385, 388–389, 428, 473, 598, 613
843	[No Paragraph Style]	c-виная  528
844	[No Paragraph Style]	c-Вишакха  199, 529
845	[No Paragraph Style]	c-гандхарвы, гандхарви  56, 385, 391, 466, 552, 601, 612, 614–615
846	[No Paragraph Style]	c-гетеры  20, 77, 178, 234, 297
847	[No Paragraph Style]	c-гуру  31, 66, 98, 111, 157, 186, 285, 292, 337, 339, 350, 359, 365, 411, 445, 454–455, 462, 469, 484, 503, 514, 516, 523, 529, 545, 559, 570, 573–574, 582, 585
848	[No Paragraph Style]	c-дайтьи  132, 134, 519, 596, 598, 602
849	[No Paragraph Style]	c-дакшина  519, 547
850	[No Paragraph Style]	c-дандаки  44, 513, 602
851	[No Paragraph Style]	c-дваждырожденные  32, 39, 60, 81, 147, 157, 212, 278, 377, 450, 456, 511, 532, 546
852	[No Paragraph Style]	c-джата (косица)  285, 536
853	[No Paragraph Style]	c-джьештха  590
854	[No Paragraph Style]	c-династия  502, 547, 562, 587, 594–597, 599, 601–603, 605, 607–614, 616–617
855	[No Paragraph Style]	c-дхармашастра  576
856	[No Paragraph Style]	c-дыхание  9, 27, 234, 278, 295, 498, 535, 547
857	[No Paragraph Style]	c-евнухи  297
858	[No Paragraph Style]	c-жертва, или возлияние на огне  25, 31, 75, 105–106, 129, 133–134, 145, 152, 158, 165, 179, 201, 205, 212–213, 231, 244, 251, 258, 260–261, 268, 279, 291–292, 304, 306, 318, 320, 335, 339, 343, 373, 394, 414, 419, 425, 429, 439–440, 449, 452, 454, 457, 472, 479, 491, 513, 518–519, 524, 527–528, 530–531, 538–540, 547, 556–557, 579–580, 583–584, 586–587, 597, 610, 614
859	[No Paragraph Style]	c-жертвенная пища  433, 452, 580
860	[No Paragraph Style]	c-жертвенная утварь  472
861	[No Paragraph Style]	c-жертвенник  151, 262, 306, 472, 479, 540, 590
862	[No Paragraph Style]	c-жертвенное возлияние  472
863	[No Paragraph Style]	c-жертвенное масло (жир)  134
864	[No Paragraph Style]	c-жертвенный дар  579
865	[No Paragraph Style]	c-жертвенный дар (подношение, приношение)  519, 579
866	[No Paragraph Style]	c-жертвенный напиток  612
867	[No Paragraph Style]	c-жертвенный огонь  556, 594
868	[No Paragraph Style]	c-жертвенный рис  134
869	[No Paragraph Style]	c-жертвенный хворост  131
870	[No Paragraph Style]	c-жертвоприношение предкам  584
871	[No Paragraph Style]	c-заклинание  134
872	[No Paragraph Style]	c-Бала  596
873	[No Paragraph Style]	c-Варуна  7, 79, 83, 89, 132, 157, 307, 487, 497, 523, 567, 594–595, 597–598
874	[No Paragraph Style]	c-Дайтья  519
875	[No Paragraph Style]	c-Макара  510
876	[No Paragraph Style]	c-Сатьяван  149, 521–522, 603, 612
877	[No Paragraph Style]	c-знамя Индры, или знамя Шакры, или знамя супруга Шачи.  278, 344, 346, 544, 555, 558
878	[No Paragraph Style]	c-йога  554
879	[No Paragraph Style]	c-йоджана  410, 538
880	[No Paragraph Style]	c-кавья  603, 610, 617
881	[No Paragraph Style]	c-каларатри (ночь гибели мира)  204, 327, 530
882	[No Paragraph Style]	c-кальпа  530, 542, 607
883	[No Paragraph Style]	c-картика  590
884	[No Paragraph Style]	c-каштха  519
885	[No Paragraph Style]	c-киннари  50–51, 53, 65, 110, 506
886	[No Paragraph Style]	c-киннары  254, 397, 400, 569, 571
887	[No Paragraph Style]	c-коти  313, 526
888	[No Paragraph Style]	c-Криттики  605
889	[No Paragraph Style]	c-кроша  255, 258, 380, 538, 543, 566
890	[No Paragraph Style]	c-локаятики (неверующие брахманы)  422, 576, 584, 586
891	[No Paragraph Style]	c-лотосоокий, лотосоокая  24, 53, 71, 142, 177, 223, 236, 259, 322, 438
892	[No Paragraph Style]	c-Лунная династия  609, 617
893	[No Paragraph Style]	c-магадхи  600, 606, 610, 613
894	[No Paragraph Style]	c-мала  275, 519
895	[No Paragraph Style]	c-манас  571, 607
896	[No Paragraph Style]	c-маруты  21, 131, 447, 519, 607
897	[No Paragraph Style]	c-мир богов  153, 240, 509
898	[No Paragraph Style]	c-мир Брахмы, или брахмалока  244, 443
899	[No Paragraph Style]	c-мир Индры, или третье небо, или небо Индры  52, 113, 316, 331, 430, 451, 455, 517, 546, 551, 608
900	[No Paragraph Style]	c-наги  228, 519, 574, 597–598
901	[No Paragraph Style]	c-настика (безбожие)  424, 577, 585
902	[No Paragraph Style]	c-нишка  524, 551
903	[No Paragraph Style]	c-одежда (платье) из лыка  57, 67, 99–100, 120, 130, 144, 182–187, 231, 242, 291, 325, 328, 335, 338, 371, 376, 416, 418, 426, 428, 432, 467, 477, 490, 512, 527, 574
904	[No Paragraph Style]	c-оружие  131, 157, 163, 178, 194, 208, 290, 337, 364, 380, 398, 406, 408, 412, 472, 524, 531
905	[No Paragraph Style]	c-Агнея, или Шикхара, стрела Агни  316, 552
906	[No Paragraph Style]	c-божественное оружие, сыновья Праджапати Кришашвы  157, 208, 531, 602, 605, 613
907	[No Paragraph Style]	c-ваджра, или перун Индры (Шакры)  68, 89, 125, 290, 332, 430, 498, 508, 511, 614
908	[No Paragraph Style]	c-оружие Индры  498
909	[No Paragraph Style]	c-Пинака, лук Шивы-Рудры, Рамы, Джанаки, божественный лук, лук-сокровище  488
910	[No Paragraph Style]	c-Сухой, дротик  414
911	[No Paragraph Style]	c-Тамаса, стрела (?), наводящая тьму  213–217, 540, 614
912	[No Paragraph Style]	c-отшельник, отшельники  57, 61, 107, 121, 130, 132, 139, 144–145, 157, 177, 182, 188, 218, 242, 251, 285–286, 290, 345, 370, 384, 409, 414, 416, 439, 459, 477–480, 491, 499, 512, 518, 521–522, 527, 533, 535–536, 538, 546, 564, 583, 591, 599, 607, 611, 613, 616
913	[No Paragraph Style]	c-пада  415, 527, 561, 566, 591
914	[No Paragraph Style]	c-патала (подземный мир)  66
915	[No Paragraph Style]	c-пахтанье (молочного) океана  134, 501, 519, 598, 602, 607, 614
916	[No Paragraph Style]	c-певец, певцы  32–33, 82, 92, 137, 297, 354, 362, 375, 511, 520, 547, 562, 614
917	[No Paragraph Style]	c-Первая Пхалгуни  597
918	[No Paragraph Style]	c-песнопения  297
919	[No Paragraph Style]	c-пинда  558
920	[No Paragraph Style]	c-пишачи  56, 132, 507
921	[No Paragraph Style]	c-планеты  25, 132, 199, 501–502, 529, 547, 574, 617
922	[No Paragraph Style]	c-пять (семь, девять) планет  45, 57, 99, 128, 192, 350, 360, 509
923	[No Paragraph Style]	c-погребальная жертва  75, 201, 530, 580, 584
924	[No Paragraph Style]	c-подвижник, подвижники  28, 252, 381, 383, 385, 392
925	[No Paragraph Style]	c-прадакшина  512, 516, 557
926	[No Paragraph Style]	c-прана  547
927	[No Paragraph Style]	c-предки  13, 25, 40, 93, 114, 131, 145, 165, 185, 309, 329, 339, 401, 412, 419, 422–423, 425, 427, 430, 433, 437, 442, 449, 451–452, 454–455, 461, 501, 527, 530, 544, 547, 550, 558, 579–581, 583–585, 599, 602
928	[No Paragraph Style]	c-пуджа  105, 513, 524
929	[No Paragraph Style]	c-пурохита  597–598
930	[No Paragraph Style]	c-пут  449, 550, 584, 611
931	[No Paragraph Style]	c-путра  449, 584
932	[No Paragraph Style]	c-Путь богов (Млечный путь)  353, 561
933	[No Paragraph Style]	c-Пушья  13, 22, 24–27, 35, 39, 78, 81, 137, 500, 510, 519–520
934	[No Paragraph Style]	c-пять первоэлементов  587
935	[No Paragraph Style]	c-раджапутра  549
936	[No Paragraph Style]	c-раджасуя  419, 511, 575
937	[No Paragraph Style]	c-разум  9, 15, 25, 31, 45, 53, 57–59, 61, 63, 74, 76, 78, 80, 96–97, 103, 112, 116, 119–120, 123, 146, 149, 166, 169–170, 175, 180, 196, 200, 213, 215, 218, 220, 224, 247, 253, 265, 269, 273, 280, 287, 295–296, 312, 319, 321, 323–324, 329, 336, 338, 340–341, 345, 347, 367, 371, 381–382, 402, 422, 443, 445–446, 454, 456, 512, 517, 547, 554, 556–557, 576, 601, 605, 610–611
938	[No Paragraph Style]	c-раковина  356
939	[No Paragraph Style]	c-ракшасы, ракшаси  4, 44, 56, 132, 205, 312, 331, 478–479, 491, 505, 507, 531, 550, 600, 602, 606, 610, 612–614
940	[No Paragraph Style]	c-раса=1
941	[No Paragraph Style]	c-амрита, или напиток бессмертия  23, 38, 134, 389, 401, 501–502, 519, 608
942	[No Paragraph Style]	c-сома  79, 83, 132–133, 212, 279, 385, 390, 455, 511, 529, 532, 567–568, 572, 585, 592, 597–598, 601, 611–612
943	[No Paragraph Style]	c-риши  12, 18, 21, 23, 25, 28–29, 31, 34, 38, 42, 50, 54, 57, 61, 70, 73, 76–77, 79, 81, 87, 92, 95–96, 99, 102, 104, 106, 110, 113, 118, 121, 126, 130–136, 140, 143, 145–146, 149, 154, 158, 163, 167, 174, 178–179, 181, 186, 188, 192, 198, 200, 204, 206, 210, 214, 218, 220, 224, 226, 228, 232, 235, 242, 246, 250–255, 258, 260, 262, 266, 270, 274, 276–277, 280, 282, 285–288, 296, 299, 303, 307, 310, 312, 316, 321, 327, 330, 334, 341, 343, 345–346, 349, 351, 354, 356, 360, 363, 365, 368, 371, 374, 377, 380–381, 383–384, 386, 391, 394–396, 399, 401–404, 407, 411, 413–414, 418, 426, 429–430, 435, 439, 444, 448–450, 452, 454–455, 457, 460–461, 463, 465–466, 468, 470–471, 474, 477–483, 489–492, 501, 515, 534, 538, 541, 546, 549, 567, 570, 573, 587, 591, 595–598, 600, 604–605, 607, 609–610
944	[No Paragraph Style]	c-брахмариши  175, 600
945	[No Paragraph Style]	c-девариши или божественные риши  465, 597, 605, 609
946	[No Paragraph Style]	c-махариши, или великие риши  61, 131–132, 135, 253, 255, 276, 455, 465–466, 587, 591, 595–598, 600, 607, 609–610
947	[No Paragraph Style]	c-царственные риши  21, 61, 226, 449, 463, 466, 534
948	[No Paragraph Style]	c-саманы (песнопение)  557
949	[No Paragraph Style]	c-самхита  587, 619
950	[No Paragraph Style]	c-сандалии  391, 467–470, 476–477
951	[No Paragraph Style]	c-свастика  378, 565
952	[No Paragraph Style]	c-сваямвара  486–487, 489, 523
953	[No Paragraph Style]	c-святилище  19–20, 94, 158, 262, 342, 384, 500, 524, 540
954	[No Paragraph Style]	c-сиддхи  131, 255, 403, 541, 551
955	[No Paragraph Style]	c-сказители  32, 92, 137, 296–297, 305, 375, 520, 547
956	[No Paragraph Style]	c-Смерть  66, 108, 442, 515
957	[No Paragraph Style]	c-смрити  132, 498, 518–519
958	[No Paragraph Style]	c-собрание  12, 18–20, 22, 51, 304, 311, 356–358, 445, 488, 582
959	[No Paragraph Style]	c-советник, советники  4, 11, 23, 77, 80, 86, 160, 279, 307–308, 313, 349, 351, 360, 362, 380–381, 387, 419–420, 425, 439, 462, 467, 469–470, 475, 510, 549, 559, 575–577, 584, 588–590, 598, 601–602, 604, 607–608, 614–615
960	[No Paragraph Style]	c-созерцание
961	[No Paragraph Style]	c-Солнечная династия  547, 587, 594–597, 599, 601–603, 605, 607–614, 616–617
962	[No Paragraph Style]	c-сыновья (сыны) Кашьяпы и Адити, или Адитьи, или сыновья (сыны) Адити, или суры, или боги  4, 7–8, 10–12, 15–17, 21, 23, 25, 44–45, 53, 56–57, 71, 74, 78–79, 85, 93, 98, 114, 124, 129, 131–136, 145, 147, 153, 164–165, 171–172, 208, 227–229, 233, 236, 240, 244, 260–262, 278, 295, 306, 332, 339–340, 353, 356, 369, 377, 380, 384–385, 391, 394–395, 419, 423–425, 429, 438, 445, 448, 452, 454–456, 458, 482–483, 485, 490, 497–498, 500–501, 509, 511, 516, 518–520, 525–526, 536, 538, 540–542, 546, 561–562, 566–567, 569, 576–578, 580–581, 583, 585, 591, 594–604, 607–610, 612–614, 616
963	[No Paragraph Style]	c-сыновья (сыны) Кашьяпы и Дану, или данавы  78, 208, 228, 395, 430, 531, 579
964	[No Paragraph Style]	c-сыновья (сыны) Кашьяпы и Дити, или сыновья (сыны) Дити, или асуры  10, 44, 233, 369, 531, 545, 596, 598, 601, 607, 612–614
965	Общее название указателя	Указатель флоры и фауны
966	[No Paragraph Style]	d-акула, акулы  273, 345, 510
967	[No Paragraph Style]	d-алоэ  76, 90, 93, 319, 343, 391, 473–474
968	[No Paragraph Style]	d-амалака  386, 388, 400
969	[No Paragraph Style]	d-амра  400
970	[No Paragraph Style]	d-анкола  400, 570
971	[No Paragraph Style]	d-аришта  400, 570
972	[No Paragraph Style]	d-асана  400, 570
973	[No Paragraph Style]	d-ашвакарна  415
974	[No Paragraph Style]	d-ашваттха  388, 568
975	[No Paragraph Style]	d-ашока  51, 549, 596
976	[No Paragraph Style]	d-бадари  255, 400, 433
977	[No Paragraph Style]	d-баньян  242, 257
978	[No Paragraph Style]	d-бибхитака, или вибхитака  388, 568
979	[No Paragraph Style]	d-биджака  400, 570
980	[No Paragraph Style]	d-биджапурака  386, 567, 570
981	[No Paragraph Style]	d-билва  259, 386, 388, 400
982	[No Paragraph Style]	d-бхавья  400, 570
983	[No Paragraph Style]	d-бхаллатака  259, 540
984	[No Paragraph Style]	d-бхурджа  401, 571
985	[No Paragraph Style]	d-варана  400, 570
986	[No Paragraph Style]	d-вену  400, 570
987	[No Paragraph Style]	d-ветра  213, 262, 276, 298, 400, 410, 482, 556, 570, 599, 607, 615
988	[No Paragraph Style]	d-дарбха  26, 82, 416, 433, 436, 580
989	[No Paragraph Style]	d-дельфин, дельфины  229, 397, 510
990	[No Paragraph Style]	d-деодар  343
991	[No Paragraph Style]	d-джамбу  256, 388, 400, 539, 568, 601
992	[No Paragraph Style]	d-джати  388, 568
993	[No Paragraph Style]	d-джримбха  176, 526
994	[No Paragraph Style]	d-дхава  400
995	[No Paragraph Style]	d-дханвана  400, 570
996	[No Paragraph Style]	d-ингуди  229, 373–374, 432, 436–437, 535, 564, 579
997	[No Paragraph Style]	d-индури  433
998	[No Paragraph Style]	d-калаханса  562
999	[No Paragraph Style]	d-капиттха  386, 567
1000	[No Paragraph Style]	d-карникара  394, 569
1001	[No Paragraph Style]	d-каша  54, 150, 390, 508, 522, 595, 604
1002	[No Paragraph Style]	d-кашмарья  400, 570
1003	[No Paragraph Style]	d-киншука, или палаша  259, 283–284, 540, 545
1004	[No Paragraph Style]	d-ковидара, или ковидра  363, 406, 563
1005	[No Paragraph Style]	d-кокила  539
1006	[No Paragraph Style]	d-кояштибха  539
1007	[No Paragraph Style]	d-краунча  51, 192, 343, 349, 435
1008	[No Paragraph Style]	d-крокодил, крокодилы  144, 229, 472, 510
1009	[No Paragraph Style]	d-куша  32, 77, 93, 131, 141, 150, 183, 208, 279, 373, 401, 414–415, 463, 527, 596, 598, 600, 602, 604–606
1010	[No Paragraph Style]	d-куштха  401, 571
1011	[No Paragraph Style]	d-кхадира  279
1012	[No Paragraph Style]	d-кхарджура  567
1013	[No Paragraph Style]	d-лань, лани  53, 85–86, 109, 128, 154, 172, 182, 187, 251–252, 254, 285, 374, 396–398, 414–415, 434, 490, 518, 538
1014	[No Paragraph Style]	d-лодхра  400, 570
1015	[No Paragraph Style]	d-мадхука  400, 570
1016	[No Paragraph Style]	d-макара  87, 510
1017	[No Paragraph Style]	d-малати  388, 568
1018	[No Paragraph Style]	d-маллика  388, 568
1019	[No Paragraph Style]	d-нимба  175, 526
1020	[No Paragraph Style]	d-нипа  400, 570
1021	[No Paragraph Style]	d-павлин  361
1022	[No Paragraph Style]	d-падмака  343, 557
1023	[No Paragraph Style]	d-панаса  386, 400, 567
1024	[No Paragraph Style]	d-прияка  317, 553
1025	[No Paragraph Style]	d-прияла  400, 570
1026	[No Paragraph Style]	d-пуннага  401, 571
1027	[No Paragraph Style]	d-ратханга  571
1028	[No Paragraph Style]	d-саллаки  255, 539
1029	[No Paragraph Style]	d-сандал  19, 49, 76, 90, 93, 164, 297, 319, 343, 390–391, 473–474, 525, 592
1030	[No Paragraph Style]	d-сарала  343, 388, 557, 568
1031	[No Paragraph Style]	d-саранга  545
1032	[No Paragraph Style]	d-тала  388, 415
1033	[No Paragraph Style]	d-тамалака  388, 568
1034	[No Paragraph Style]	d-тилака  47, 388, 400, 494, 506, 568
1035	[No Paragraph Style]	d-тиндука  400
1036	[No Paragraph Style]	d-тиниша  400, 570
1037	[No Paragraph Style]	d-удумбара  77, 510
1038	[No Paragraph Style]	d-чакравака  228, 435, 563, 571
1039	[No Paragraph Style]	d-чампака  51, 506
1040	[No Paragraph Style]	d-черепаха, черепахи  604
1041	[No Paragraph Style]	d-чута  386, 567
1042	[No Paragraph Style]	d-шала, или сала  318, 323, 405, 410, 413, 415
1043	[No Paragraph Style]	d-шара  150, 522
1044	[No Paragraph Style]	d-шиншапа  388, 568