0	#Level1	a-Агастья	№
1	#Level2	a-великий риши=1	№
2	#Level1	a-Агни	№
3	#Level2	a-Анала	№
4	#Level2	a-идущий впереди [богов]	№
5	#Level2	a-Павака	№
6	#Level2	a-пожиратель жертв	№
7	#Level1	a-Агниварна	№
8	#Level2	a-сын Сударшаны	№
9	#Level1	a-Аджа	№
10	#Level2	a-сын Набхаги	№
11	#Level1	a-Адити	№
12	#Level2	a-жена Кашьяпы	№
13	#Level2	a-мать Вишну	№
14	#Level1	a-Адрикритастхали	№
15	#Level1	a-Айи-Равана	№
16	#Level1	a-Айравата	№
17	#Level2	a-слон Индры	№
18	#Level1	a-Акопа	№
19	#Level1	a-Акша	№
20	#Level1	a-Аламбуша=1	№
21	#Level1	a-Аламбуша=2	№
22	#Level1	a-Аларка	№
23	#Level1	a-Амбариша	№
24	#Level2	a-потомок Икшваку	№
25	#Level2	a-потомок царей	№
26	#Level2	a-сын Прашушрувы	№
27	#Level2	a-царственный риши=1	№
28	#Level1	a-Анаранья	№
29	#Level2	a-сын Баны	№
30	#Level1	a-Анасуя	№
31	#Level2	a-дочь Дакши	№
32	#Level2	a-жена (супруга) Атри	№
33	#Level1	a-Ангада	№
34	#Level2	a-сын Валина	№
35	#Level1	a-Ангарака	№
36	#Level2	a-Лохитанга	№
37	#Level2	a-Мангала	№
38	#Level2	a-Марс	№
39	#Level1	a-Ангирас	№
40	#Level1	a-Анджана	№
41	#Level2	a-слон Варуны	№
42	#Level1	a-Анила (ветер)	№
43	#Level1	a-Анша	№
44	#Level1	a-Аншуман	№
45	#Level2	a-внук Сагары	№
46	#Level2	a-сын Асаманьджи	№
47	#Level1	a-Апа	№
48	#Level1	a-Арджуна	№
49	#Level1	a-Арджуна Картавирья	№
50	#Level1	a-Арьяман	№
51	#Level1	a-Асаманьджа	№
52	#Level2	a-сын Сагары	№
53	#Level1	a-Асита	№
54	#Level2	a-сын Бхараты	№
55	#Level1	a-Асуртараджаса	№
56	#Level1	a-Атри	№
57	#Level2	a-сын Брахмы	№
58	#Level1	a-Аурва	№
59	#Level1	a-Ахалья	№
60	#Level2	a-жена Гаутамы	№
61	#Level1	a-Ашвапати=1	№
62	#Level2	a-отец Кайкейи	№
63	#Level2	a-владыка Кекаи	№
64	#Level1	a-Ашвапати=2	№
65	#Level2	a-отец Савитри	№
66	#Level1	a-Ашвины	№
67	#Level1	a-Ашоканандана	№
68	#Level1	a-Бала, или Вала	№
69	#Level1	a-Бали	№
70	#Level2	a-сын Вирочаны	№
71	#Level1	a-Бана	№
72	#Level2	a-сын Викукши	№
73	#Level1	a-Брахма	№
74	#Level2	a-Благой=1	№
75	#Level2	a-Великий Отец	№
76	#Level2	a-Вечный=1	№
77	#Level2	a-Видхатар	№
78	#Level2	a-владыка богов=1	№
79	#Level2	a-владыка миров=1	№
80	#Level2	a-Возникший из пустого пространства	№
81	#Level2	a-Дхатар	№
82	#Level2	a-Праджапати=1	№
83	#Level2	a-Пуруша	№
84	#Level2	a-Саморожденный	№
85	#Level2	a-Сваямбху, или Самосущий	№
86	#Level1	a-Брахмадатта	№
87	#Level2	a-равный великому Индре=1	№
88	#Level1	a-Брихадратха	№
89	#Level1	a-Брихаспати	№
90	#Level2	a-Вачаспати	№
91	#Level2	a-Гуру	№
92	#Level2	a-отец Бхарадваджи	№
93	#Level2	a-Юпитер	№
94	#Level1	a-Будда	№
95	#Level2	a-Сиддхартха=1	№
96	#Level2	a-Шакьямуни	№
97	#Level1	a-Будха	№
98	#Level2	a-Меркурий	№
99	#Level2	a-сын Сомы	№
100	#Level1	a-Бхага	№
101	#Level1	a-Бхагиратха	№
102	#Level2	a-потомок Сагары	№
103	#Level2	a-царственный риши (мудрец)	№
104	#Level1	a-Бхадра	№
105	#Level1	a-Бхарадваджа=1	№
106	#Level2	a-великий риши=2	№
107	#Level2	a-Сиятельный великий подвижник	№
108	#Level1	a-Бхарадваджа=2	№
109	#Level1	a-Бхарата=1	№
110	#Level1	a-Бхарата=2	№
111	#Level2	a-брат Рамы=1	№
112	#Level2	a-потомок Икшваку	№
113	#Level2	a-потомок Какутстхи	№
114	#Level2	a-Рагхава, или потомок Рагху	№
115	#Level2	a-сын Дашаратхи	№
116	#Level2	a-сын Кайкейи	№
117	#Level2	a-услада Кайкейи	№
118	#Level2	a-услада рода Икшваку	№
119	#Level2	a-услада царя Дашаратхи	№
120	#Level1	a-Бхригу	№
121	#Level2	a-сын Праджапати=1	№
122	#Level1	a-Валин	№
123	#Level2	a-сын Шакры	№
124	#Level1	a-Вальмики	№
125	#Level2	a-великий риши=3	№
126	#Level2	a-учитель Куши и Лавы	№
127	#Level1	a-Вамадева	№
128	#Level2	a-советник (наставник) царя Дашаратхи	№
129	#Level1	a-Вамана=1	№
130	#Level2	a-младший брат Шакры	№
131	#Level1	a-Вамана=2	№
132	#Level2	a-слон Куберы	№
133	#Level1	a-Вамана=3	№
134	#Level1	a-Варуна	№
135	#Level1	a-Варуни, или Сура	№
136	#Level2	a-дочь Варуны	№
137	#Level1	a-Васиштха	№
138	#Level2	a-великий риши=4	№
139	#Level2	a-гуру рода Икшваку	№
140	#Level2	a-Дхрити	№
141	#Level2	a-жрец Рамы	№
142	#Level2	a-сын Брахмы	№
143	#Level2	a-хранитель рода Икшваку	№
144	#Level1	a-Васу	№
145	#Level1	a-Васуки	№
146	#Level1	a-Ваю	№
147	#Level2	a-бог ветра	№
148	#Level2	a-Марута	№
149	#Level1	a-Вибудха	№
150	#Level1	a-Вибхандака	№
151	#Level2	a-сын Кашьяпы=1	№
152	#Level1	a-Вибхишана	№
153	#Level2	a-брат Раваны=1	№
154	#Level1	a-Виджая	№
155	#Level1	a-Викукши	№
156	#Level1	a-Вината	№
157	#Level1	a-Вирадха	№
158	#Level1	a-Вирата	№
159	#Level1	a-Вирочана	№
160	#Level1	a-Вирупакша	№
161	#Level1	a-Вишакха	№
162	#Level1	a-Вишала	№
163	#Level2	a-сын Икшваку=1	№
164	#Level1	a-Вишвавасу	№
165	#Level1	a-Вишвадевы	№
166	#Level1	a-Вишвакарман	№
167	#Level1	a-Вишвамитра	№
168	#Level2	a-великий подвижник	№
169	#Level2	a-великий риши	№
170	#Level2	a-Каушика, или сын Кушики	№
171	#Level2	a-потомок Куши	№
172	#Level2	a-сын Гадхи	№
173	#Level2	a-сын Гаутамы=1	№
174	#Level2	a-царственный риши=2	№
175	#Level1	a-Вишвачи	№
176	#Level1	a-Вишну	№
177	#Level2	a-Вечный=2	№
178	#Level2	a-владыка богов=2	№
179	#Level2	a-владыка миров=2	№
180	#Level2	a-губитель Мадху	№
181	#Level2	a-Джанардана, или Пуруша Джанардана	№
182	#Level2	a-Кешава	№
183	#Level2	a-Мадхусудана	№
184	#Level2	a-младший брат Шакры	№
185	#Level2	a-Нараяна	№
186	#Level2	a-Непреходящий	№
187	#Level2	a-повелитель трех миров	№
188	#Level2	a-Праджапати=2	№
189	#Level2	a-Пурушоттама	№
190	#Level2	a-Самовластный	№
191	#Level2	a-Сокрушитель недругов	№
192	#Level2	a-сын Адити	№
193	#Level2	a-Упендра, или младший брат Индры	№
194	#Level2	a-Хари	№
195	#Level2	a-Хришикеша	№
196	#Level1	a-Вишравас	№
197	#Level1	a-Вритра	№
198	#Level1	a-Гадхи, или Гадхин	№
199	#Level1	a-Ганга	№
200	#Level2	a-Бхагиратхи	№
201	#Level2	a-Джахнави, или дочь Джахну	№
202	#Level2	a-дочь Царя гор	№
203	#Level2	a-Малини	№
204	#Level2	a-старшая дочь Химавата	№
205	#Level2	a-супруга Океана	№
206	#Level2	a-Трипатхага, или Текущая (идущая) тремя путями	№
207	#Level1	a-Гандхамадана	№
208	#Level2	a-сын Куберы	№
209	#Level1	a-Гандхари, жена Дхритараштры	№
210	#Level1	a-Гарги	№
211	#Level1	a-Гаргья Триджата	№
212	#Level1	a-Гаруда	№
213	#Level2	a-Супарна	№
214	#Level2	a-сын Винаты	№
215	#Level2	a-Таркшья=1	№
216	#Level2	a-царь птиц	№
217	#Level1	a-Гаутама	№
218	#Level2	a-супруг Ахальи	№
219	#Level1	a-Гая	№
220	#Level1	a-Гомер	№
221	#Level1	a-Гопа	№
222	#Level1	a-Готама	№
223	#Level1	a-Гуха	№
224	#Level1	a-Гхритачи	№
225	#Level1	a-Гхритачьи	№
226	#Level1	a-Дадхимукха	№
227	#Level2	a-дядя Сугривы	№
228	#Level1	a-Дадхичи	№
229	#Level1	a-Дакша	№
230	#Level2	a-сын Брахмы	№
231	#Level1	a-Данда	№
232	#Level1	a-Дандхумара	№
233	#Level2	a-сын Тришанку	№
234	#Level1	a-Дашаратха	№
235	#Level2	a-бык рода Рагху	№
236	#Level2	a-воин рода Икшваку	№
237	#Level2	a-потомок великого рода=1	№
238	#Level2	a-потомок Икшваку	№
239	#Level2	a-потомок Какутстхи	№
240	#Level2	a-равный великому Индре=2	№
241	#Level2	a-Рагхава, или потомок Рагху	№
242	#Level2	a-сын Аджи	№
243	#Level2	a-ученик Васиштхи	№
244	#Level2	a-царственный риши=3	№
245	#Level2	a-владыка Косалы=1	№
246	#Level1	a-Двивида	№
247	#Level1	a-Девамидха	№
248	#Level1	a-Деварата	№
249	#Level2	a-предок Джанаки	№
250	#Level2	a-старший брат Ними	№
251	#Level2	a-сын Сукету	№
252	#Level2	a-царственный риши=4	№
253	#Level1	a-Джабали	№
254	#Level1	a-Джамадагни	№
255	#Level2	a-отец Рамы	№
256	#Level2	a-потомок Бхригу=1	№
257	#Level1	a-Джамбават	№
258	#Level2	a-сын Брахмы	№
259	#Level1	a-Джамбха	№
260	#Level1	a-Джанака=1	№
261	#Level2	a-великий духом	№
262	#Level2	a-отец Ситы	№
263	#Level2	a-царь (владыка, государь) Видехи (Митхилы)	№
264	#Level1	a-Джанака=2	№
265	#Level1	a-Джанамеджая	№
266	#Level2	a-сын Парикшита	№
267	#Level1	a-Джатаюс	№
268	#Level1	a-Джахну	№
269	#Level1	a-Джая	№
270	#Level1	a-Джаянта	№
271	#Level1	a-Дивьяваю	№
272	#Level1	a-Дилипа	№
273	#Level2	a-сын Аншумана	№
274	#Level1	a-Дити	№
275	#Level1	a-дочери Кушадхваджи	№
276	#Level1	a-дочери Кушанабхи, или сто дочерей Кушанабхи	№
277	#Level1	a-Драупади	№
278	#Level1	a-Дридханетра	№
279	#Level1	a-Дрона	№
280	#Level1	a-Друпада	№
281	#Level1	a-Дундубхи	№
282	#Level1	a-Душана	№
283	#Level1	a-Дханвантари	№
284	#Level1	a-Дхарма	№
285	#Level1	a-Дхармапала	№
286	#Level1	a-Дхатри	№
287	#Level1	a-Дхриштакету	№
288	#Level2	a-царственный риши=5	№
289	#Level1	a-Дхришти	№
290	#Level1	a-Дхрува	№
291	#Level1	a-Дхрувасандхи	№
292	#Level1	a-Дхумрашва	№
293	#Level2	a-сын Сучандры	№
294	#Level1	a-Дхундхумара	№
295	#Level2	a-сын Тришанку	№
296	#Level1	a-Дьюматсена	№
297	#Level2	a-отец Сатьявана	№
298	#Level1	a-Идхмавахана	№
299	#Level1	a-Икшваку	№
300	#Level2	a-внук Вивасвата	№
301	#Level2	a-сын Ману	№
302	#Level1	a-Индра	№
303	#Level2	a-Васава	№
304	#Level2	a-враг данавов	№
305	#Level2	a-Губитель Балы, или Баласудана	№
306	#Level2	a-Губитель Паки	№
307	#Level2	a-Держатель ваджры	№
308	#Level2	a-любовник Ахальи	№
309	#Level2	a-Магхаван	№
310	#Level2	a-Махендра, или Великий Индра	№
311	#Level2	a-Пакашасана, или Губитель Паки	№
312	#Level2	a-Парджанья	№
313	#Level2	a-Пурандара, или Сокрушитель крепостей, или Покоритель городов, или Разрушитель городов	№
314	#Level2	a-супруг Шачи	№
315	#Level2	a-сын Адити	№
316	#Level2	a-сын Кашьяпы=2	№
317	#Level2	a-сын Кашьяпы=3	№
318	#Level2	a-Тысячеглазый	№
319	#Level2	a-царь (владыка, бык) тридцатки богов	№
320	#Level2	a-Шакра	№
321	#Level2	a-Шатакрату, или Вершитель ста жертвоприношений	№
322	#Level1	a-Кабандха	№
323	#Level1	a-Кавья	№
324	#Level2	a-Венера	№
325	#Level2	a-сын Бхригу	№
326	#Level2	a-Ушанас	№
327	#Level2	a-Шукра	№
328	#Level1	a-Кадру	№
329	#Level1	a-Кайкейи	№
330	#Level2	a-дочь царя Ашвапати	№
331	#Level2	a-жена Дашаратхи	№
332	#Level2	a-криводушная	№
333	#Level2	a-мать Бхараты	№
334	#Level1	a-Кайтабха	№
335	#Level1	a-Какутстха=1	№
336	#Level2	a-сын Викукши	№
337	#Level1	a-Какутстха=2	№
338	#Level1	a-Калагни	№
339	#Level1	a-Калапа	№
340	#Level1	a-Калинди	№
341	#Level2	a-жена Аситы	№
342	#Level1	a-Калмашапада	№
343	#Level2	a-Саудаса	№
344	#Level1	a-Кама	№
345	#Level2	a-Ананга, или Бестелесный	№
346	#Level2	a-Кандарпа	№
347	#Level2	a-Мадана	№
348	#Level2	a-Манматха	№
349	#Level1	a-Канду	№
350	#Level2	a-сын риши Канвы	№
351	#Level1	a-Капила	№
352	#Level1	a-Катха	№
353	#Level1	a-Катьяяна	№
354	#Level1	a-Каусалья, или Каушалья	№
355	#Level2	a-дочь царя Косалы	№
356	#Level2	a-жена (супруга) Дашаратхи	№
357	#Level2	a-мать Рагхавы	№
358	#Level2	a-мать Рамы	№
359	#Level2	a-свекровь царевны Митхилы	№
360	#Level2	a-царица-мать	№
361	#Level1	a-Кашьяпа=1	№
362	#Level2	a-Ариштанеми	№
363	#Level2	a-сын Маричи	№
364	#Level1	a-Кашьяпа=2	№
365	#Level1	a-Кету	№
366	#Level1	a-Кешини	№
367	#Level2	a-дочь владыки Видарбхи	№
368	#Level2	a-старшая супруга Сагары	№
369	#Level1	a-Киртирата	№
370	#Level2	a-сын Махидхрака	№
371	#Level2	a-царственный риши=6	№
372	#Level1	a-Киртиратха	№
373	#Level2	a-сын Пратиндхаки	№
374	#Level1	a-Корова, исполняющая желания	№
375	#Level2	a-божественная корова	№
376	#Level2	a-Нандини	№
377	#Level2	a-Сурабхи	№
378	#Level2	a-Шабала	№
379	#Level1	a-Крату	№
380	#Level1	a-Кришашва	№
381	#Level1	a-Кришна	№
382	#Level2	a-Васудева	№
383	#Level2	a-потомок Мадху	№
384	#Level2	a-сын Васудевы	№
385	#Level1	a-Кубера	№
386	#Level2	a-Вайшравана	№
387	#Level2	a-владыка богатств	№
388	#Level1	a-Кукши	№
389	#Level2	a-сын Икшваку=2	№
390	#Level1	a-Кумбхакарна	№
391	#Level2	a-брат Раваны=2	№
392	#Level1	a-Куша=1	№
393	#Level2	a-потомок Брахмы	№
394	#Level2	a-сын Брахмы	№
395	#Level2	a-сын Праджапати=2	№
396	#Level1	a-Куша=2	№
397	#Level1	a-Кушадхваджа	№
398	#Level1	a-Кушамба	№
399	#Level1	a-Кушанабха	№
400	#Level2	a-сын Куши	№
401	#Level2	a-царственный риши=7	№
402	#Level1	a-Кушашва	№
403	#Level2	a-сын Сахадевы	№
404	#Level1	a-Кхара	№
405	#Level2	a-младший брат Раваны	№
406	#Level1	a-Лава	№
407	#Level1	a-Лакшмана	№
408	#Level2	a-брат Рамы=2	№
409	#Level2	a-младший брат Бхараты	№
410	#Level2	a-младший брат Рамы	№
411	#Level2	a-наделенный счастливой долей, или лакшмивардхана	№
412	#Level2	a-наделенный счастьем, или лакшмисампанна	№
413	#Level2	a-потомок Рагху	№
414	#Level2	a-преданный брат Рамы	№
415	#Level2	a-сын Сумитры=1	№
416	#Level2	a-услада матери Сумитры	№
417	#Level1	a-Мадху=1	№
418	#Level1	a-Мадху=2	№
419	#Level1	a-Мадхушпанда (Мадхучханда, Мадхучхандаса, Махишьянда, Махишпанда, Мадхушпанда)	№
420	#Level1	a-Майи-Равана	№
421	#Level1	a-Майнда	№
422	#Level1	a-Мандави	№
423	#Level1	a-Мандхатар	№
424	#Level2	a-сын Юванашвы	№
425	#Level1	a-Мантхара=1	№
426	#Level2	a-дочь Вирочаны	№
427	#Level1	a-Мантхара=2	№
428	#Level1	a-Ману	№
429	#Level2	a-отец Икшваку	№
430	#Level2	a-сын Вивасвата, или Вайвасвата	№
431	#Level2	a-хранитель мира	№
432	#Level1	a-Марича	№
433	#Level2	a-сын Сунды	№
434	#Level2	a-сын Тараки	№
435	#Level1	a-Маричи	№
436	#Level2	a-сын Брахмы	№
437	#Level1	a-Маркандея	№
438	#Level2	a-Диргхаюс	№
439	#Level1	a-Мару=1	№
440	#Level1	a-Мару=2	№
441	#Level1	a-Матали	№
442	#Level2	a-возничий Индры	№
443	#Level2	a-советник Индры	№
444	#Level1	a-Маудгалья	№
445	#Level1	a-Махавира	№
446	#Level2	a-сын Брихадратхи	№
447	#Level1	a-Махападма	№
448	#Level2	a-слон Ямы	№
449	#Level1	a-Махаратха	№
450	#Level1	a-Махароман	№
451	#Level1	a-Махидхрака	№
452	#Level1	a-Маходая	№
453	#Level1	a-Мегханада	№
454	#Level2	a-Индраджит	№
455	#Level2	a-победитель Индры	№
456	#Level2	a-сын Раваны	№
457	#Level1	a-Мена	№
458	#Level2	a-дочь горы Меру	№
459	#Level2	a-жена Химавата	№
460	#Level1	a-Менака	№
461	#Level1	a-Митра	№
462	#Level1	a-Митхи	№
463	#Level1	a-Мишракеши	№
464	#Level1	a-Молочный океан	№
465	#Level1	a-Мохини	№
466	#Level1	a-Набхага	№
467	#Level2	a-сын Нахуши=1	№
468	#Level2	a-сын Яяти	№
469	#Level1	a-Нагадатта	№
470	#Level1	a-Нала	№
471	#Level2	a-сын Вишвакармана	№
472	#Level1	a-Налини, подруга Анасуи	№
473	#Level1	a-Нандивардхана	№
474	#Level1	a-Нандин	№
475	#Level1	a-Нарада	№
476	#Level2	a-великий риши	№
477	#Level2	a-сын Брахмы	№
478	#Level2	a-устранитель невежества	№
479	#Level1	a-Нахуша	№
480	#Level2	a-сын Амбариши	№
481	#Level1	a-Никула	№
482	#Level1	a-Никумбха	№
483	#Level1	a-Нила	№
484	#Level1	a-Ними	№
485	#Level1	a-Пака	№
486	#Level1	a-Патала-Равана	№
487	#Level1	a-Прабхаса	№
488	#Level1	a-Правриддха	№
489	#Level2	a-сын Рагху	№
490	#Level1	a-Прасенаджит	№
491	#Level1	a-Пратиндхака	№
492	#Level1	a-Пратьюша	№
493	#Level1	a-Прахлада	№
494	#Level1	a-Прачетас	№
495	#Level1	a-Прашушрува, или Прашушрука	№
496	#Level1	a-Притхиви	№
497	#Level2	a-Земля	№
498	#Level1	a-Притху	№
499	#Level1	a-Пришни	№
500	#Level1	a-Пуластья	№
501	#Level1	a-Пулаха	№
502	#Level1	a-Пулома	№
503	#Level2	a-жена Бхригу	№
504	#Level2	a-мать Кавьи	№
505	#Level2	a-мать Шукры	№
506	#Level1	a-Пунарвасу	№
507	#Level1	a-Пундарика	№
508	#Level1	a-Пуру	№
509	#Level1	a-Пушан	№
510	#Level1	a-Равана	№
511	#Level2	a-брат Вайшраваны	№
512	#Level2	a-Дашагрива, или десятишеий	№
513	#Level2	a-Десятиголовый	№
514	#Level2	a-Десятиликий	№
515	#Level2	a-потомок Пуластьи, или Пауластья	№
516	#Level2	a-сын Вишраваса	№
517	#Level1	a-Рагхава	№
518	#Level1	a-Рагхавы	№
519	#Level1	a-Рагху	№
520	#Level2	a-сын Какутстхи=1	№
521	#Level1	a-Рама Джамадагнья	№
522	#Level2	a-Джамадагнья	№
523	#Level2	a-Парашурама, или Рама с топором	№
524	#Level2	a-потомок Бхригу=2	№
525	#Level2	a-Рама=1	№
526	#Level2	a-сын Джамадагни	№
527	#Level1	a-Рама=2	№
528	#Level2	a-брат Лакшманы	№
529	#Level2	a-верный своей цели	№
530	#Level2	a-Владыка мира	№
531	#Level2	a-владыка Косалы=2	№
532	#Level2	a-любимец царя	№
533	#Level2	a-любимый людьми, или локарама	№
534	#Level2	a-любимый сын Каусальи	№
535	#Level2	a-наследник рода Рагху	№
536	#Level2	a-потомок великого рода=2	№
537	#Level2	a-потомок Икшваку	№
538	#Level2	a-потомок Какутстхи	№
539	#Level2	a-потомок славного рода	№
540	#Level2	a-потомок царственного рода	№
541	#Level2	a-Рагхава, или потомок Рагху	№
542	#Level2	a-старший брат Бхараты	№
543	#Level2	a-старший брат Лакшманы	№
544	#Level2	a-сын Дашаратхи	№
545	#Level2	a-сын Каусальи	№
546	#Level2	a-услада матери Каусальи	№
547	#Level2	a-услада рода Рагху	№
548	#Level2	a-Хираньянабха, или “чей пупок сияет как золото”	№
549	#Level1	a-Рамбха	№
550	#Level1	a-Раху	№
551	#Level1	a-Раштравардхана	№
552	#Level1	a-Ренука	№
553	#Level2	a-жена Джамадагни	№
554	#Level1	a-Ричика	№
555	#Level2	a-потомок Бхригу=3	№
556	#Level1	a-Ришьяшринга	№
557	#Level2	a-внук Кашьяпы	№
558	#Level2	a-зять Ромапады	№
559	#Level2	a-супруг Шанты	№
560	#Level2	a-сын Вибхандаки	№
561	#Level1	a-Ромапада, или Ломапада	№
562	#Level2	a-владыка ангов	№
563	#Level1	a-Рохини	№
564	#Level2	a-жена Чандры (Месяца)	№
565	#Level1	a-Савитри	№
566	#Level1	a-Сагара	№
567	#Level2	a-потомок Какутстхи	№
568	#Level2	a-сын Калинди	№
569	#Level1	a-Сампати	№
570	#Level1	a-Самудра	№
571	#Level2	a-владыка рек	№
572	#Level2	a-Океан	№
573	#Level1	a-Санаткумара	№
574	#Level1	a-Сатурн	№
575	#Level1	a-Сатьяван	№
576	#Level2	a-сын Дьюматсены	№
577	#Level1	a-Сатьявати	№
578	#Level2	a-дочь царя Гадхи	№
579	#Level2	a-Каушики	№
580	#Level2	a-мать Шунахшепы	№
581	#Level2	a-сестра Вишвамитры	№
582	#Level1	a-Сауманаса	№
583	#Level1	a-Сахадева	№
584	#Level1	a-Сварнароман	№
585	#Level1	a-Сиддхартха=2	№
586	#Level1	a-Синхика	№
587	#Level1	a-Сита	№
588	#Level2	a-дочь Дашаратхи=1	№
589	#Level2	a-дочь Джанаки (царя Видехи)	№
590	#Level2	a-Майтхили	№
591	#Level2	a-рожденная в роде Джанаки	№
592	#Level2	a-супруга (жена) Рамы	№
593	#Level2	a-царевна Видехи (Митхилы)	№
594	#Level1	a-Сканда	№
595	#Level2	a-Картикея, или Карттикея	№
596	#Level2	a-Кумара	№
597	#Level2	a-Шаданана, или Шестиликий	№
598	#Level1	a-Сома=1	№
599	#Level1	a-Сома=2	№
600	#Level1	a-Сомада	№
601	#Level2	a-дочь Урмилы	№
602	#Level1	a-Сомадатта	№
603	#Level1	a-Сринджая	№
604	#Level1	a-Субаху	№
605	#Level2	a-сын Тимидхваджи	№
606	#Level2	a-сын Упасунды	№
607	#Level1	a-Суврата	№
608	#Level1	a-Сугрива	№
609	#Level2	a-сын бога Солнца	№
610	#Level2	a-сын Сурьи	№
611	#Level2	a-царь обезьян	№
612	#Level1	a-Судамана	№
613	#Level1	a-Сударшана	№
614	#Level2	a-сын Шанкханы	№
615	#Level1	a-Судханван=1	№
616	#Level1	a-Судханван=2	№
617	#Level1	a-Судхрити	№
618	#Level2	a-сын Махавиры	№
619	#Level1	a-Сукету=1	№
620	#Level1	a-Сукету=2	№
621	#Level2	a-сын Нандивардханы	№
622	#Level2	a-царственный риши=8	№
623	#Level1	a-Сумантра	№
624	#Level2	a-сведущий в советах	№
625	#Level1	a-Сумати=1	№
626	#Level2	a-сын Какутстхи=2	№
627	#Level1	a-Сумати=2	№
628	#Level2	a-вторая супруга Сагары	№
629	#Level2	a-дочь Ариштанеми	№
630	#Level2	a-сестра Супарны	№
631	#Level1	a-Сумитра	№
632	#Level1	a-Сунда	№
633	#Level2	a-сын Джамбхи	№
634	#Level1	a-Супрабха	№
635	#Level1	a-Сура	№
636	#Level1	a-Сураса	№
637	#Level1	a-Сураштра	№
638	#Level1	a-Сурья, или Солнце	№
639	#Level2	a-Вивасват	№
640	#Level2	a-отец Ману	№
641	#Level2	a-Савитар	№
642	#Level2	a-Таркшья=2	№
643	#Level1	a-Сусандхи	№
644	#Level1	a-Сутикшна	№
645	#Level1	a-Сучандра	№
646	#Level2	a-наследник Хемачандры	№
647	#Level1	a-Сушена	№
648	#Level1	a-Суяджня	№
649	#Level2	a-сын Васиштхи	№
650	#Level1	a-Тара=1	№
651	#Level1	a-Тара=2	№
652	#Level1	a-Тара=3	№
653	#Level1	a-Тарака (Татака)	№
654	#Level2	a-дочь Сукету	№
655	#Level2	a-жена Сунды	№
656	#Level1	a-Тваштар	№
657	#Level1	a-Тилоттама	№
658	#Level1	a-Тимидхваджа	№
659	#Level1	a-Триджата	№
660	#Level1	a-Триджата Гаргья	№
661	#Level1	a-Тришанку	№
662	#Level2	a-государь Айодхьи	№
663	#Level2	a-потомок Икшваку	№
664	#Level2	a-Сатьяврата	№
665	#Level2	a-сын Кушики	№
666	#Level1	a-Триширас	№
667	#Level1	a-Тумбуру	№
668	#Level1	a-Удавасу	№
669	#Level1	a-Ума	№
670	#Level2	a-дочь Химавата	№
671	#Level2	a-жена Шивы	№
672	#Level2	a-Парвати	№
673	#Level1	a-Упасунда	№
674	#Level1	a-Урмила=1	№
675	#Level1	a-Урмила=2	№
676	#Level2	a-сестра Ситы	№
677	#Level1	a-Уччайхшравас	№
678	#Level2	a-конь Индры	№
679	#Level1	a-Хавишпанда	№
680	#Level1	a-Хануман	№
681	#Level2	a-сын Ваю	№
682	#Level2	a-сын Маруты	№
683	#Level1	a-Харишчандра	№
684	#Level1	a-Харьяшва	№
685	#Level1	a-Хаха	№
686	#Level1	a-Хема	№
687	#Level1	a-Хемачандра	№
688	#Level2	a-сын Вишалы	№
689	#Level1	a-Химават	№
690	#Level2	a-Царь гор	№
691	#Level1	a-Храсвароман	№
692	#Level1	a-Хуху	№
693	#Level1	a-Чандра, или Луна, или Месяц	№
694	#Level2	a-шашанка	№
695	#Level1	a-Читраратха=1	№
696	#Level1	a-Читраратха=2	№
697	#Level1	a-Чулин	№
698	#Level1	a-Чьявана	№
699	#Level2	a-великий риши	№
700	#Level2	a-потомок Бхригу=4	№
701	#Level2	a-сын Бхригу	№
702	#Level1	a-Шабари	№
703	#Level1	a-Шакунтала	№
704	#Level1	a-Шамбара	№
705	#Level2	a-враг Индры	№
706	#Level1	a-Шанкхана	№
707	#Level1	a-Шанта	№
708	#Level2	a-дочь Дашаратхи=2	№
709	#Level2	a-дочь Ромапады	№
710	#Level1	a-Шантри	№
711	#Level1	a-Шарабха	№
712	#Level1	a-Шарабханга	№
713	#Level1	a-Шатананда	№
714	#Level2	a-сын Гаутамы=2	№
715	#Level1	a-Шатругхна	№
716	#Level2	a-брат Рамы=3	№
717	#Level2	a-всегда побеждающий недругов	№
718	#Level2	a-младший брат Лакшманы	№
719	#Level2	a-сын Сумитры=2	№
720	#Level1	a-Шатрунджая	№
721	#Level1	a-Шачи	№
722	#Level1	a-Шашабинду	№
723	#Level1	a-Шеша	№
724	#Level1	a-Шиби	№
725	#Level1	a-Шива	№
726	#Level2	a-Благой=2	№
727	#Level2	a-Бог богов	№
728	#Level2	a-Бхава	№
729	#Level2	a-Бхима	№
730	#Level2	a-Вечный=3	№
731	#Level2	a-владыка богов=3	№
732	#Level2	a-владыка миров=3	№
733	#Level2	a-губитель Трипуры	№
734	#Level2	a-держатель трезубца	№
735	#Level2	a-Махадева	№
736	#Level2	a-Махешвара	№
737	#Level2	a-Пашупати	№
738	#Level2	a-Рудра	№
739	#Level2	a-с быком на знамени	№
740	#Level2	a-супруг Умы	№
741	#Level2	a-Темношеий, или “с темной шеей”	№
742	#Level2	a-Трехглазый	№
743	#Level2	a-Хара	№
744	#Level2	a-Шанкара	№
745	#Level1	a-Шигхрага	№
746	#Level2	a-сын Агниварны	№
747	#Level1	a-Шри	№
748	#Level2	a-Восседающая на лотосе	№
749	#Level2	a-жена Вишну	№
750	#Level2	a-Лакшми	№
751	#Level1	a-Шрутакирти	№
752	#Level1	a-Шунака	№
753	#Level1	a-Шунахшепа	№
754	#Level1	a-Шурпанакха	№
755	#Level2	a-сестра Раваны	№
756	#Level1	a-Шьяма	№
757	#Level1	a-Юванашва	№
758	#Level2	a-сын Дхундхумары	№
759	#Level1	a-Юдхаджит=1	№
760	#Level2	a-брат матери Бхараты	№
761	#Level2	a-дядя Бхараты	№
762	#Level2	a-сын царя (государя) Кекаи	№
763	#Level1	a-Юдхаджит=2	№
764	#Level1	a-Яду	№
765	#Level1	a-Яма	№
766	#Level2	a-Антака	№
767	#Level2	a-бог смерти	№
768	#Level2	a-Дхармараджа	№
769	#Level2	a-Кала	№
770	#Level2	a-сын Вивасвата	№
771	#Level1	a-Ямуна	№
772	#Level2	a-дочь Солнца	№
773	#Level2	a-сестра Ямы	№
774	#Level1	a-Яяти	№
775	#Level2	a-сын Нахуши=2	№
776	#Level1	a-сыновья (сыны) Арджуны Картавирьи	№
777	#Level1	a-сыновья (сыны) Вишвамитры	№
778	#Level1	a-сыновья (сыны) Дашаратхи	№
779	#Level1	a-сыновья (сыны) Сагары	№
780	#Level1	a-сыновья (сыны) Васиштхи, или сто сыновей Васиштхи	№
781	#Level1	a-сыновья (сыны) Вишвамитры, или сто сыновей Вишвамитры	№
782	#Level1	b-Абхикала	№
783	#Level1	b-Агнея	№
784	#Level1	b-Айладхана	№
785	#Level1	b-Айодхья	№
786	#Level2	b-Необоримый [город]	№
787	#Level1	b-Акурвати	№
788	#Level1	b-Амаравати	№
789	#Level2	b-город Индры	№
790	#Level1	b-Анга	№
791	#Level1	b-анги	№
792	#Level1	b-Аншудхана	№
793	#Level1	b-Апарапарватa	№
794	#Level1	b-Апаратала	№
795	#Level1	b-Бахлика	№
796	#Level1	b-Бенгал (Бенгалия)	№
797	#Level1	b-Биас (древн. Випаша)	№
798	#Level1	b-Бинду	№
799	#Level1	b-Бхаратаварша	№
800	#Level1	b-Бхарунда	№
801	#Level1	b-Бхогавати	№
802	#Level1	b-Бходжи	№
803	#Level1	b-Бхригупрасавана	№
804	#Level1	b-Бхригупрасравана	№
805	#Level1	b-Бхригутунга	№
806	#Level1	b-Вайджаянта	№
807	#Level1	b-Вайкунтха	№
808	#Level1	b-Ванаю	№
809	#Level1	b-Ванга	№
810	#Level1	b-Варутха	№
811	#Level1	b-Васваукасара	№
812	#Level1	b-Васумати	№
813	#Level1	b-Ватса	№
814	#Level1	b-Ведашрути	№
815	#Level1	b-Видарбха	№
816	#Level1	b-Видеха	№
817	#Level1	b-Виндхья	№
818	#Level1	b-Випаша	№
819	#Level1	b-Вираматсья	№
820	#Level1	b-Вишала=1	№
821	#Level1	b-Вишала=2	№
822	#Level1	b-Вишнупада	№
823	#Level1	b-Ганга, Ганг	№
824	#Level1	b-Гандхамадана	№
825	#Level1	b-Гандхара	№
826	#Level1	b-Гая	№
827	#Level1	b-Гималаи	№
828	#Level1	b-Гиривраджа	№
829	#Level1	b-Гокарна	№
830	#Level1	b-Гомати	№
831	#Level1	b-Грихи	№
832	#Level1	b-Дакшинапатха (Южная область; совр. Декан)	№
833	#Level1	b-Дандака	№
834	#Level1	b-Дардура	№
835	#Level1	b-Джамбудвипа	№
836	#Level1	b-Джамбупрастха	№
837	#Level1	b-Джамна, или Ямуна	№
838	#Level1	b-Джанастхана	№
839	#Level1	b-Дравида	№
840	#Level1	b-Дхармавардхана	№
841	#Level1	b-Дхармавартана	№
842	#Level1	b-Дхармаранья	№
843	#Level1	b-Икшумати	№
844	#Level1	b-Индия	№
845	#Level1	b-Индрашира	№
846	#Level1	b-Индракила	№
847	#Level1	b-Ионийцы (греки)	№
848	#Level1	b-Иравата	№
849	#Level1	b-Кайласа	№
850	#Level1	b-Калинганагара	№
851	#Level1	b-Калинги	№
852	#Level1	b-Калинди	№
853	#Level1	b-Камбоджа	№
854	#Level1	b-камбоджи	№
855	#Level1	b-Кампилья	№
856	#Level1	b-Капивати	№
857	#Level1	b-Карманаса	№
858	#Level1	b-Каруша	№
859	#Level1	b-кауравы	№
860	#Level1	b-Каушамби	№
861	#Level1	b-Каушики	№
862	#Level1	b-Каши	№
863	#Level1	b-Кашмир	№
864	#Level1	b-кекаи	№
865	#Level1	b-Кекая	№
866	#Level1	b-кираты	№
867	#Level1	b-Кишкиндха	№
868	#Level1	b-Косала, или Кошала	№
869	#Level1	b-Кулинга	№
870	#Level1	b-Куру	№
871	#Level1	b-Куруджагала	№
872	#Level1	b-Куруджангала	№
873	#Level1	b-Кутика	№
874	#Level1	b-Кутикоштика	№
875	#Level1	b-Кушаплава	№
876	#Level1	b-Ланка (совр. Шри-Ланка, Цейлон)	№
877	#Level1	b-Лохитья	№
878	#Level1	b-Магадха	№
879	#Level1	b-Магадхи	№
880	#Level1	b-Магадхи, или Сумагадхи	№
881	#Level1	b-Мадрас	№
882	#Level1	b-Мадхьядеша	№
883	#Level1	b-Майнака	№
884	#Level1	b-Малада	№
885	#Level1	b-Малая	№
886	#Level1	b-Мальявати	№
887	#Level1	b-Манаса	№
888	#Level1	b-Мандакини	№
889	#Level1	b-Мандара	№
890	#Level1	b-Матсья	№
891	#Level1	b-Махендра	№
892	#Level1	b-Маходая	№
893	#Level2	b-Каньякубджа	№
894	#Level1	b-Меру	№
895	#Level2	b-Кедарнатх	№
896	#Level1	b-Митхила	№
897	#Level2	b-столица Джанаки	№
898	#Level1	b-млеччхи, или варвары	№
899	#Level1	b-мунда	№
900	#Level1	b-Налини	№
901	#Level1	b-Нандана	№
902	#Level1	b-Нандиграма	№
903	#Level1	b-Нармада	№
904	#Level1	b-нишады	№
905	#Level1	b-обитель	№
906	#Level2	b-обитель Бхарадваджи	№
907	#Level2	b-обитель Бхригу	№
908	#Level2	b-обитель Вальмики	№
909	#Level2	b-обитель Васиштхи	№
910	#Level2	b-обитель Гаутамы	№
911	#Level2	b-обитель Камы	№
912	#Level2	b-обитель Рамы	№
913	#Level2	b-обитель Ришьяшринги	№
914	#Level2	b-обитель Триджаты	№
915	#Level2	b-обитель Шабари	№
916	#Level2	b-обитель Шивы	№
917	#Level2	b-обитель Ямы	№
918	#Level1	b-Павани	№
919	#Level1	b-Пампа	№
920	#Level1	b-пандавы	№
921	#Level1	b-Панчала	№
922	#Level1	b-Паталипутра	№
923	#Level1	b-пахлавы	№
924	#Level1	b-Пенджаб	№
925	#Level1	b-Прагвата	№
926	#Level1	b-Праламба	№
927	#Level1	b-Прасравана	№
928	#Level1	b-Праяга	№
929	#Level2	b-Аллахабад	№
930	#Level1	b-Пушкары, или Пушкара	№
931	#Level1	b-Раджагриха	№
932	#Level1	b-Раджастхан	№
933	#Level1	b-Рикша, или Рикшават	№
934	#Level1	b-Ришьямука	№
935	#Level1	b-Санкашья	№
936	#Level1	b-Сарасвати	№
937	#Level1	b-Сараю	№
938	#Level1	b-Сарватиртха	№
939	#Level1	b-Саувира	№
940	#Level1	b-Саугандхика	№
941	#Level1	b-Саураштра	№
942	#Level1	b-Северная гора	№
943	#Level1	b-Сиддхашрама	№
944	#Level1	b-Синдху	№
945	#Level1	b-Сита	№
946	#Level1	b-Стханумати	№
947	#Level1	b-Судама	№
948	#Level1	b-Судаман	№
949	#Level1	b-Судхарма	№
950	#Level1	b-Сумагадхи	№
951	#Level1	b-Сучакшу	№
952	#Level1	b-Сьядика	№
953	#Level1	b-Сьяндика	№
954	#Level1	b-Тамаса	№
955	#Level1	b-Тапована	№
956	#Level1	b-Теджобхибхавана	№
957	#Level1	b-Торана	№
958	#Level1	b-Трипура, или тройной город	№
959	#Level1	b-Удджихана	№
960	#Level1	b-Уттарага	№
961	#Level1	b-Уттара-куру	№
962	#Level1	b-хайхаи	№
963	#Level1	b-хариты	№
964	#Level1	b-Хастинапура	№
965	#Level1	b-Хастиприштака	№
966	#Level1	b-Хладини	№
967	#Level1	b-Чайтраратха	№
968	#Level1	b-Читракута	№
969	#Level1	b-шаки	№
970	#Level1	b-Шалмали	№
971	#Level1	b-Шальякаршана	№
972	#Level1	b-Шараданда	№
973	#Level1	b-Шатадру	№
974	#Level1	b-Шила	№
975	#Level1	b-Шилаваха	№
976	#Level1	b-Шона	№
977	#Level1	b-Шрингавера	№
978	#Level1	b-Экасала	№
979	#Level1	b-яваны	№
980	#Level1	b-ядавы	№
981	#Level1	c-абхиджит	№
982	#Level1	c-агнихотра	№
983	#Level1	c-агништома	№
984	#Level1	c-агништха	№
985	#Level1	c-ад	№
986	#Level1	c-Адитидевата	№
987	#Level1	c-сыновья (сыны) Кашьяпы и Адити, или Адитьи, или сыновья (сыны) Адити, или суры, или боги	№
988	#Level1	c-адхварью	№
989	#Level1	c-адхикриты	№
990	#Level1	c-акаша (пустое пространство, эфир)	№
991	#Level1	c-акшаухини	№
992	#Level1	c-алтарь	№
993	#Level1	c-анвикшики	№
994	#Level1	c-апсара, апсары	№
995	#Level1	c-апторьяма	№
996	#Level1	c-араньяки	№
997	#Level1	c-аргхья	№
998	#Level1	c-арии	№
999	#Level1	c-аскеза пяти огней	№
1000	#Level1	c-сыновья (сыны) Кашьяпы и Дити, или сыновья (сыны) Дити, или асуры	№
1001	#Level1	c-атиратра	№
1002	#Level1	c-атман	№
1003	#Level1	c-ашвамедха	№
1004	#Level1	c-ашрамы	№
1005	#Level2	c-брахмачарья, ученик	№
1006	#Level2	c-ванапрастха, отшельник	№
1007	#Level2	c-грихастха, гархастха, домохозяин	№
1008	#Level2	c-саньяса, аскет	№
1009	#Level1	c-аюрведа	№
1010	#Level1	c-аюс	№
1011	#Level1	c-аюштома	№
1012	#Level1	c-бали	№
1013	#Level1	c-барабан	№
1014	#Level1	c-бездушное существо	№
1015	#Level1	c-беззаконие	№
1016	#Level1	c-белый зонт	№
1017	#Level1	c-брахман, брахманы	№
1018	#Level1	c-брахмаракшас	№
1019	#Level1	c-брахмачарин	№
1020	#Level1	c-буддхи	№
1021	#Level1	c-бхуты	№
1022	#Level1	c-бытие	№
1023	#Level1	c-вавата	№
1024	#Level1	c-вадава, или бадава	№
1025	#Level2	c-гнев Аурвы	№
1026	#Level2	c-сын Аурвы	№
1027	#Level1	c-вадака	№
1028	#Level1	c-ваджапея	№
1029	#Level1	c-вайдья (умник, ученый, врач)	№
1030	#Level1	c-ванара (рикша, гопучха, голангула)	№
1031	#Level1	c-вандины	№
1032	#Level1	c-варны	№
1033	#Level2	c-брахманы	№
1034	#Level2	c-вайшьи	№
1035	#Level2	c-кшатрии	№
1036	#Level2	c-шудры	№
1037	#Level1	c-васу	№
1038	#Level1	c-вахана	№
1039	#Level1	c-веда кшатриев	№
1040	#Level1	c-веданги	№
1041	#Level1	c-веды	№
1042	#Level2	c-Атхарваведа	№
1043	#Level2	c-Ригведа	№
1044	#Level2	c-Самаведа	№
1045	#Level2	c-Яджурведа	№
1046	#Level1	c-великие змеи	№
1047	#Level1	c-верхний мир (небо)	№
1048	#Level1	c-видьядхари	№
1049	#Level1	c-видьядхары	№
1050	#Level1	c-вина	№
1051	#Level1	c-виная	№
1052	#Level1	c-Вишакха	№
1053	#Level1	c-вишваджит	№
1054	#Level1	c-всесильные дочери Брахмы	№
1055	#Level1	c-гада	№
1056	#Level1	c-гандхарвы, гандхарви	№
1057	#Level1	c-гетеры	№
1058	#Level1	c-гуру	№
1059	#Level1	c-дайтьи	№
1060	#Level1	c-дакшина	№
1061	#Level1	c-сыновья (сыны) Кашьяпы и Дану, или данавы	№
1062	#Level1	c-дандаки	№
1063	#Level1	c-дарша	№
1064	#Level1	c-дваждырожденные	№
1065	#Level1	c-день Брахмы	№
1066	#Level1	c-джата (косица)	№
1067	#Level1	c-джьештха	№
1068	#Level1	c-джьотиша	№
1069	#Level1	c-джьотиштома	№
1070	#Level1	c-династия	№
1071	#Level1	c-дхармашастра	№
1072	#Level1	c-дыхание	№
1073	#Level1	c-евнухи	№
1074	#Level1	c-жертва, или возлияние на огне	№
1075	#Level1	c-жертвенная пища	№
1076	#Level1	c-жертвенная утварь	№
1077	#Level1	c-жертвенная церемония	№
1078	#Level1	c-жертвенная чаша	№
1079	#Level1	c-жертвенник	№
1080	#Level1	c-жертвенное возлияние	№
1081	#Level1	c-жертвенное животное	№
1082	#Level1	c-жертвенное масло (жир)	№
1083	#Level1	c-жертвенные путы	№
1084	#Level1	c-жертвенный дар	№
1085	#Level1	c-жертвенный дар (подношение, приношение)	№
1086	#Level1	c-жертвенный ковш	№
1087	#Level1	c-жертвенный конь	№
1088	#Level1	c-жертвенный костер	№
1089	#Level1	c-жертвенный кувшин	№
1090	#Level1	c-жертвенный напиток	№
1091	#Level1	c-жертвенный нож	№
1092	#Level1	c-жертвенный обряд	№
1093	#Level1	c-жертвенный огонь	№
1094	#Level1	c-жертвенный рис	№
1095	#Level1	c-жертвенный столб	№
1096	#Level1	c-жертвенный хворост	№
1097	#Level1	c-жертвоприношение предкам	№
1098	#Level1	c-заклинание	№
1099	#Level2	c-Аванмукха	№
1100	#Level2	c-Аварана	№
1101	#Level2	c-Алакшья	№
1102	#Level2	c-Атибала	№
1103	#Level2	c-Бала	№
1104	#Level2	c-Варуна	№
1105	#Level2	c-Видхута	№
1106	#Level2	c-Вимала	№
1107	#Level2	c-Винидра	№
1108	#Level2	c-Вируча	№
1109	#Level2	c-Вриттиман	№
1110	#Level2	c-Дайтья	№
1111	#Level2	c-Дашакша	№
1112	#Level2	c-Дашаширша	№
1113	#Level2	c-Джримбхака	№
1114	#Level2	c-Джьотиша	№
1115	#Level2	c-Дридханабха	№
1116	#Level2	c-Дундунабха	№
1117	#Level2	c-Дхана	№
1118	#Level2	c-Дханья	№
1119	#Level2	c-Дхритималин	№
1120	#Level2	c-Дхришта	№
1121	#Level2	c-Камарупа	№
1122	#Level2	c-Камаручи	№
1123	#Level2	c-Лакшья	№
1124	#Level2	c-Макара	№
1125	#Level2	c-Махабаху	№
1126	#Level2	c-Маханабха	№
1127	#Level2	c-Моха	№
1128	#Level2	c-Найрасья	№
1129	#Level2	c-Нишкали	№
1130	#Level2	c-Падманабха	№
1131	#Level2	c-Пантхана	№
1132	#Level2	c-Паравир	№
1133	#Level2	c-Паранмукха	№
1134	#Level2	c-Питрья	№
1135	#Level2	c-Праматхана	№
1136	#Level2	c-Пратихаратара	№
1137	#Level2	c-Рабхаса	№
1138	#Level2	c-Рати	№
1139	#Level2	c-Ручира	№
1140	#Level2	c-Сарпанатха	№
1141	#Level2	c-Сарчималин	№
1142	#Level2	c-Сатьяван	№
1143	#Level2	c-Сатьякирти	№
1144	#Level2	c-Сауманаса	№
1145	#Level2	c-Сванабхаку	№
1146	#Level2	c-Сунабхака	№
1147	#Level2	c-Шакуна	№
1148	#Level2	c-Шатавакра	№
1149	#Level2	c-Шатодара	№
1150	#Level2	c-Шучибаха	№
1151	#Level2	c-Яугандхара	№
1152	#Level1	c-знамя Агни	№
1153	#Level1	c-знамя Индры, или знамя Шакры, или знамя супруга Шачи.	№
1154	#Level1	c-знамя Шивы	№
1155	#Level1	c-знание Брахмы, или священный слог ом	№
1156	#Level1	c-йога	№
1157	#Level1	c-йоджана	№
1158	#Level1	c-кавья	№
1159	#Level1	c-каларатри (ночь гибели мира)	№
1160	#Level1	c-кальпа	№
1161	#Level1	c-кальпасутра	№
1162	#Level1	c-карма	№
1163	#Level1	c-кармадхарая	№
1164	#Level1	c-картика	№
1165	#Level1	c-Каустубха	№
1166	#Level1	c-каштха	№
1167	#Level1	c-кимпуруши	№
1168	#Level1	c-киннари	№
1169	#Level1	c-киннары	№
1170	#Level1	c-коти	№
1171	#Level1	c-Криттики	№
1172	#Level1	c-кроша	№
1173	#Level1	c-кушилавы	№
1174	#Level1	c-кшуд	№
1175	#Level1	c-лагна	№
1176	#Level1	c-локаятики (неверующие брахманы)	№
1177	#Level1	c-лотосоокий, лотосоокая	№
1178	#Level2	c-Лунная династия	№
1179	#Level1	c-магадхи	№
1180	#Level1	c-Магха	№
1181	#Level1	c-майя	№
1182	#Level1	c-мала	№
1183	#Level1	c-манас	№
1184	#Level1	c-мантра	№
1185	#Level1	c-марга	№
1186	#Level1	c-маруты	№
1187	#Level1	c-махишья	№
1188	#Level1	c-мир богов	№
1189	#Level1	c-мир Брахмы, или брахмалока	№
1190	#Level1	c-мир Индры, или третье небо, или небо Индры	№
1191	#Level1	c-мукхьи	№
1192	#Level1	c-муштика, муштики	№
1193	#Level1	c-наги	№
1194	#Level1	c-настика (безбожие)	№
1195	#Level1	c-небожители	№
1196	#Level1	c-нижний мир	№
1197	#Level1	c-нишка	№
1198	#Level1	c-ночь Брахмы	№
1199	#Level1	c-одежда (платье) из лыка	№
1200	#Level1	c-оружие	№
1201	#Level2	c-Агнея, или Шикхара, стрела Агни	№
1202	#Level2	c-Айшика, тростниковая стрела	№
1203	#Level2	c-Асиратна, меч	№
1204	#Level2	c-божественное оружие, сыновья Праджапати Кришашвы	№
1205	#Level2	c-брахманский посох, или посох Брахмы	№
1206	#Level2	c-Брахмаширас	№
1207	#Level2	c-ваджра, или перун Индры (Шакры)	№
1208	#Level2	c-Ваявья, стрела Ваю	№
1209	#Level2	c-Вишнучакра, диск Вишну	№
1210	#Level2	c-Влажный, дротик	№
1211	#Level2	c-Дандастра, стрела пишачей	№
1212	#Level2	c-Дандачакра, диск Ямы	№
1213	#Level2	c-Даруна, оружие Бхаги	№
1214	#Level2	c-двойная пика	№
1215	#Level2	c-дубинка Ямы	№
1216	#Level2	c-Дхармапаша, сеть Дхармы	№
1217	#Level2	c-Дхармачакра, диск Дхармы	№
1218	#Level2	c-Индрачакра, диск Индры	№
1219	#Level2	c-Иссушающая, стрела	№
1220	#Level2	c-Калапаша, сеть Калы	№
1221	#Level2	c-Калачакра, диск Калы	№
1222	#Level2	c-Канкала, палица	№
1223	#Level2	c-Канкана, палица	№
1224	#Level2	c-Капала, палица	№
1225	#Level2	c-Кинкини	№
1226	#Level2	c-Краунча, стрела	№
1227	#Level2	c-лук Вишну	№
1228	#Level2	c-лук Гандива	№
1229	#Level2	c-лук Индры	№
1230	#Level2	c-Пинака, лук Шивы-Рудры, Рамы, Джанаки, божественный лук, лук-сокровище	№
1231	#Level2	c-Майямая	№
1232	#Level2	c-Манава, стрела	№
1233	#Level2	c-Матхана, стрела Ваю	№
1234	#Level2	c-Маусала, палица	№
1235	#Level2	c-Модаки, булава	№
1236	#Level2	c-Мохана, стрела гандхарвов	№
1237	#Level2	c-оружие Варуны	№
1238	#Level2	c-оружие Индры	№
1239	#Level2	c-оружие Пашупати	№
1240	#Level2	c-оружие Рудры	№
1241	#Level2	c-Пайнака, или Пинака, стрела Рудры	№
1242	#Level2	c-пика Шивы	№
1243	#Level2	c-Пратхама, стрела Ваю	№
1244	#Level2	c-Пьянящая, стрела	№
1245	#Level2	c-Разрывающая, стрела	№
1246	#Level2	c-Самварта, палица	№
1247	#Level2	c-Сатья	№
1248	#Level2	c-Саумана	№
1249	#Level2	c-сеть Брахмы	№
1250	#Level2	c-сеть Варуны	№
1251	#Level2	c-Сжигающая, стрела	№
1252	#Level2	c-Слезящая, стрела	№
1253	#Level2	c-стрела Брахмы	№
1254	#Level2	c-стрела видьядхаров	№
1255	#Level2	c-стрела Вишну	№
1256	#Level2	c-стрела Калы	№
1257	#Level2	c-стрела Нараяны	№
1258	#Level2	c-Сударуна, оружие Тваштара	№
1259	#Level2	c-Сухой, дротик	№
1260	#Level2	c-Тамаса, стрела (?), наводящая тьму	№
1261	#Level2	c-Теджаспрабха	№
1262	#Level2	c-Трезубец	№
1263	#Level2	c-Увлажняющая, стрела	№
1264	#Level2	c-Усмиряющее оружие Сомы	№
1265	#Level2	c-Усыпляющая стрела гандхарвов	№
1266	#Level2	c-Усыпляющее оружие Сомы	№
1267	#Level2	c-Хаяширас, стрела	№
1268	#Level2	c-Шикхара, стрела Агни	№
1269	#Level2	c-Шикхари, булава	№
1270	#Level2	c-Шита, оружие Ману	№
1271	#Level2	c-Шишира, оружие Сомы	№
1272	#Level1	c-отшельник, отшельники	№
1273	#Level1	c-пада	№
1274	#Level1	c-падья	№
1275	#Level1	c-паннаги (ураги, махораги)	№
1276	#Level1	c-париврикти, или паривритти	№
1277	#Level1	c-патала (подземный мир)	№
1278	#Level1	c-пахтанье (молочного) океана	№
1279	#Level1	c-паша	№
1280	#Level1	c-паяса	№
1281	#Level1	c-певец, певцы	№
1282	#Level1	c-песнопения	№
1283	#Level1	c-пинда	№
1284	#Level1	c-пишачи	№
1285	#Level1	c-планеты	№
1286	#Level2	c-пять (семь, девять) планет	№
1287	#Level1	c-погребальная жертва	№
1288	#Level1	c-подвижник, подвижники	№
1289	#Level1	c-праваргья	№
1290	#Level1	c-прадакшина	№
1291	#Level1	c-пралая	№
1292	#Level1	c-прана	№
1293	#Level1	c-пранджали	№
1294	#Level1	c-предки	№
1295	#Level1	c-призраки	№
1296	#Level1	c-Проштхапада	№
1297	#Level1	c-пуджа	№
1298	#Level1	c-пураны	№
1299	#Level1	c-пурнамаса	№
1300	#Level1	c-пурохита	№
1301	#Level1	c-пут	№
1302	#Level1	c-путра	№
1303	#Level1	c-путрия	№
1304	#Level1	c-Путь богов (Млечный путь)	№
1305	#Level1	c-Пушпака	№
1306	#Level1	c-Пушья	№
1307	#Level1	c-Первая Пхалгуни	№
1308	#Level1	c-пять первоэлементов	№
1309	#Level1	c-рага	№
1310	#Level1	c-раджапутра	№
1311	#Level1	c-раджасуя	№
1312	#Level1	c-разум	№
1313	#Level1	c-Рак	№
1314	#Level1	c-раковина	№
1315	#Level1	c-ракшасы, ракшаси	№
1316	#Level1	c-раса=1	№
1317	#Level2	c-амрита, или напиток бессмертия	№
1318	#Level2	c-сома	№
1319	#Level1	c-раса=2	№
1320	#Level1	c-Раса	№
1321	#Level1	c-расатала	№
1322	#Level1	c-рахасья	№
1323	#Level1	c-рисовая каша	№
1324	#Level1	c-риши	№
1325	#Level2	c-божественные мудрецы	№
1326	#Level2	c-брахмариши	№
1327	#Level2	c-девариши или божественные риши	№
1328	#Level2	c-махариши, или великие риши	№
1329	#Level2	c-риши-валакхильи	№
1330	#Level2	c-царственные риши	№
1331	#Level1	c-рудры	№
1332	#Level1	c-Рыбы	№
1333	#Level1	c-садас	№
1334	#Level1	c-садхарана	№
1335	#Level1	c-саманы (песнопение)	№
1336	#Level1	c-самхита	№
1337	#Level1	c-сандалии	№
1338	#Level1	c-сарга	№
1339	#Level1	c-Сарпа	№
1340	#Level1	c-свастика	№
1341	#Level1	c-сваямвара	№
1342	#Level1	c-святилище	№
1343	#Level1	c-семь святых мудрецов (риши)	№
1344	#Level1	c-сиддхи	№
1345	#Level1	c-сказители	№
1346	#Level1	c-Смерть	№
1347	#Level1	c-смрити	№
1348	#Level1	c-собрание	№
1349	#Level1	c-советник, советники	№
1350	#Level1	c-созвездие Семи Риши	№
1351	#Level1	c-созерцание	№
1352	#Level2	c-Солнечная династия	№
1353	#Level1	c-стража (промежуток времени)	
1354	#Level1	c-стхапати	
1355	#Level1	c-судьба	
1356	#Level1	c-сута	
1357	#Level1	c-суты	
1358	#Level1	c-тайттирия	
1359	#Level1	c-таладжангхи	
1360	#Level1	c-тамбурин	
1361	#Level1	c-тантри	
1362	#Level1	c-тапас	
1363	#Level1	c-таркшьи	
1364	#Level1	c-теджас	
1365	#Level1	c-тилака	
1366	#Level1	c-тимпан	
1367	#Level1	c-тиртха	
1368	#Level1	c-три мира	
1369	#Level1	c-триварга (три цели)	
1370	#Level2	c-артха	
1371	#Level2	c-дхарма	
1372	#Level2	c-кама	
1373	#Level1	c-тридцатка, или тридцать три бога, или тридцать три губителя недругов	
1374	#Level1	c-удгатар	
1375	#Level1	c-уктхьея	
1376	#Level1	c-уктхья	
1377	#Level1	c-упанишады	
1378	#Level1	c-упасад	
1379	#Level1	c-Вторая Пхалгуни, или Уттара Пхалгуни	
1380	#Level1	c-халахала, или калакута	
1381	#Level1	c-хотар	
1382	#Level1	c-Хранитель мира, или локапала (бог)	
1383	#Level1	c-Хранитель мира, или локапала (слон)	
1384	#Level1	c-Чайтра	
1385	#Level1	c-чакра	
1386	#Level1	c-чакра	
1387	#Level1	c-чакравартин	
1388	#Level1	c-чандала	
1389	#Level1	c-чараны	
1390	#Level1	c-час Митры	
1391	#Level1	c-чатуштома	
1392	#Level1	c-чаша	
1393	#Level1	c-Читра	
1394	#Level1	c-шанкха	
1395	#Level1	c-шастра	
1396	#Level1	c-шлока, шлоки	
1397	#Level1	c-шраддха	
1398	#Level1	c-шрути	
1399	#Level1	c-ювараджа	
1400	#Level1	c-юга	
1401	#Level2	c-двапара-юга	
1402	#Level2	c-кали-юга	
1403	#Level2	c-сатья-юга, или крита-юга	
1404	#Level2	c-трета-юга	
1405	#Level1	c-второе созвездие Семи Риши или созвездие Южного Креста	
1406	#Level1	c-якши, якшини	
1407	#Level1	c-янтра	
1408	#Level1	c-сарга (песня)	
1409	#Level1	c-харихая	
1410	#Level1	d-агару	№
1411	#Level1	d-акула, акулы	№
1412	#Level1	d-алоэ	№
1413	#Level1	d-амалака	№
1414	#Level1	d-амра	№
1415	#Level1	d-анкола	№
1416	#Level1	d-аришта	№
1417	#Level1	d-асана	№
1418	#Level1	d-ашвакарна	№
1419	#Level1	d-ашваттха	№
1420	#Level1	d-ашока	№
1421	#Level1	d-бадари	№
1422	#Level1	d-баньян	№
1423	#Level1	d-баран	№
1424	#Level1	d-бибхитака, или вибхитака	№
1425	#Level1	d-биджака	№
1426	#Level1	d-биджапурака	№
1427	#Level1	d-билва	№
1428	#Level1	d-бхавья	№
1429	#Level1	d-бхаллатака	№
1430	#Level1	d-бхурджа	№
1431	#Level1	d-варана	№
1432	#Level1	d-вену	№
1433	#Level1	d-ветаса	№
1434	#Level1	d-ветра	№
1435	#Level1	d-дарбха	№
1436	#Level1	d-дельфин, дельфины	№
1437	#Level1	d-деодар	№
1438	#Level1	d-джамбу	№
1439	#Level1	d-джати	№
1440	#Level1	d-джримбха	№
1441	#Level1	d-дхава	№
1442	#Level1	d-дханвана	№
1443	#Level1	d-ингуди	№
1444	#Level1	d-индури	№
1445	#Level1	d-какубха	№
1446	#Level1	d-калаханса	№
1447	#Level1	d-капиттха	№
1448	#Level1	d-карникара	№
1449	#Level1	d-каша	№
1450	#Level1	d-кашмарья	№
1451	#Level1	d-киншука, или палаша	№
1452	#Level1	d-ковидара, или ковидра	№
1453	#Level1	d-кокила	№
1454	#Level1	d-кояштибха	№
1455	#Level1	d-краунча	№
1456	#Level1	d-крокодил, крокодилы	№
1457	#Level1	d-куша	№
1458	#Level1	d-куштха	№
1459	#Level1	d-кхадира	№
1460	#Level1	d-кхарджура	№
1461	#Level1	d-лань, лани	№
1462	#Level1	d-лодхра	№
1463	#Level1	d-мадхука	№
1464	#Level1	d-макара	№
1465	#Level1	d-малати	№
1466	#Level1	d-маллика	№
1467	#Level1	d-нимба	№
1468	#Level1	d-нипа	№
1469	#Level1	d-павлин	№
1470	#Level1	d-падмака	№
1471	#Level1	d-панаса	№
1472	#Level1	d-парни	№
1473	#Level1	d-патала	№
1474	#Level1	d-плакша	№
1475	#Level1	d-прияка	№
1476	#Level1	d-прияла	№
1477	#Level1	d-пуннага	№
1478	#Level1	d-ратханга	№
1479	#Level1	d-саллаки	№
1480	#Level1	d-сандал	№
1481	#Level1	d-сарала	№
1482	#Level1	d-саранга	№
1483	#Level1	d-тала	№
1484	#Level1	d-тамалака	№
1485	#Level1	d-тилака	№
1486	#Level1	d-тиндука	№
1487	#Level1	d-тиниша	№
1488	#Level1	d-удумбара	№
1489	#Level1	d-чакравака	№
1490	#Level1	d-чампака	№
1491	#Level1	d-черепаха, черепахи	№
1492	#Level1	d-чута	№
1493	#Level1	d-шала, или сала	№
1494	#Level1	d-шара	№
1495	#Level1	d-шиншапа	№
1496	#Level1	d-шлешмата	№
1497	#Level1	d-сома (гриб или растение)	№
